date[YYYYDDD],date,product,band,min,max,sum,range,mean,variance,standard_deviation,tot_pixels,pixels_pass_qa,per_cent_pixels_pass_qa
A2000049,2000-02-18,MOD11A2,LST_Day_1km,,,,,,,,81,0,0.00
A2000057,2000-02-26,MOD11A2,LST_Day_1km,286.6000,287.8800,23260.6387,1.2800,287.1684,0.0606,0.2462,81,81,100.00
A2000065,2000-03-05,MOD11A2,LST_Day_1km,293.1400,297.3800,23836.3242,4.2400,294.2756,1.2773,1.1302,81,81,100.00
A2000073,2000-03-13,MOD11A2,LST_Day_1km,286.8400,289.3200,23352.6797,2.4800,288.3047,0.2459,0.4959,81,81,100.00
A2000081,2000-03-21,MOD11A2,LST_Day_1km,291.7600,294.5200,23760.4180,2.7600,293.3385,0.3926,0.6266,81,81,100.00
A2000089,2000-03-29,MOD11A2,LST_Day_1km,294.6800,297.5800,23999.6602,2.9000,296.2921,0.3584,0.5987,81,81,100.00
A2000097,2000-04-06,MOD11A2,LST_Day_1km,293.2000,296.0000,23864.4004,2.8000,294.6222,0.3140,0.5603,81,81,100.00
A2000105,2000-04-14,MOD11A2,LST_Day_1km,293.2600,296.3600,23893.8789,3.1000,294.9861,1.0666,1.0328,81,81,100.00
A2000113,2000-04-22,MOD11A2,LST_Day_1km,296.6400,306.5600,24526.6172,9.9200,302.7977,7.7782,2.7889,81,81,100.00
A2000121,2000-04-30,MOD11A2,LST_Day_1km,305.2600,310.8400,24936.4629,5.5800,307.8576,1.6048,1.2668,81,81,100.00
A2000129,2000-05-08,MOD11A2,LST_Day_1km,299.5400,303.6600,22926.4434,4.1200,301.6637,0.7490,0.8654,81,76,93.83
A2000137,2000-05-16,MOD11A2,LST_Day_1km,300.0200,306.4800,24566.4766,6.4600,303.2898,2.8077,1.6756,81,81,100.00
A2000145,2000-05-24,MOD11A2,LST_Day_1km,296.7600,311.7000,23732.4199,14.9400,304.2618,18.8220,4.3384,81,78,96.30
A2000153,2000-06-01,MOD11A2,LST_Day_1km,302.6600,305.7600,24638.6230,3.1000,304.1805,0.6447,0.8029,81,81,100.00
A2000161,2000-06-09,MOD11A2,LST_Day_1km,298.6200,311.3600,24303.6250,12.7400,303.7953,7.4582,2.7310,81,80,98.77
A2000169,2000-06-17,MOD11A2,LST_Day_1km,302.5800,306.1400,24674.4648,3.5600,304.6230,0.7247,0.8513,81,81,100.00
A2000177,2000-06-25,MOD11A2,LST_Day_1km,297.6800,299.8200,24213.8945,2.1400,298.9370,0.2084,0.4565,81,81,100.00
A2000185,2000-07-03,MOD11A2,LST_Day_1km,301.0800,304.2800,24503.9141,3.2000,302.5175,0.5395,0.7345,81,81,100.00
A2000193,2000-07-11,MOD11A2,LST_Day_1km,299.7200,303.7600,24495.9980,4.0400,302.4197,0.9847,0.9923,81,81,100.00
A2000201,2000-07-19,MOD11A2,LST_Day_1km,295.7200,299.1800,24120.2969,3.4600,297.7814,0.5315,0.7291,81,81,100.00
A2000209,2000-07-27,MOD11A2,LST_Day_1km,299.3800,302.4600,24388.6211,3.0800,301.0941,0.4769,0.6906,81,81,100.00
A2000217,2000-08-04,MOD11A2,LST_Day_1km,296.5000,296.9800,12467.9590,0.4800,296.8562,0.0184,0.1355,81,42,51.85
A2000225,2000-08-12,MOD11A2,LST_Day_1km,,,,,,,,81,0,0.00
A2000233,2000-08-20,MOD11A2,LST_Day_1km,300.5200,303.0200,15068.9785,2.5000,301.3796,0.2657,0.5154,81,50,61.73
A2000241,2000-08-28,MOD11A2,LST_Day_1km,302.2400,309.0800,21969.0645,6.8400,305.1259,2.2135,1.4878,81,72,88.89
A2000249,2000-09-05,MOD11A2,LST_Day_1km,300.0400,301.1800,24341.5410,1.1400,300.5128,0.0709,0.2663,81,81,100.00
A2000257,2000-09-13,MOD11A2,LST_Day_1km,299.9000,304.4200,24486.3008,4.5200,302.3000,0.9925,0.9963,81,81,100.00
A2000265,2000-09-21,MOD11A2,LST_Day_1km,295.5200,298.2400,24049.2051,2.7200,296.9038,0.3196,0.5653,81,81,100.00
A2000273,2000-09-29,MOD11A2,LST_Day_1km,295.7200,300.4800,24206.7988,4.7600,298.8494,0.6670,0.8167,81,81,100.00
A2000281,2000-10-07,MOD11A2,LST_Day_1km,292.0200,295.1200,23749.7578,3.1000,293.2069,0.3189,0.5647,81,81,100.00
A2000289,2000-10-15,MOD11A2,LST_Day_1km,298.3000,302.2200,24283.8984,3.9200,299.8012,0.5424,0.7365,81,81,100.00
A2000297,2000-10-23,MOD11A2,LST_Day_1km,294.3800,296.5800,7087.6211,2.2000,295.3175,0.2095,0.4577,81,24,29.63
A2000305,2000-10-31,MOD11A2,LST_Day_1km,286.0600,290.8200,23415.7598,4.7600,289.0835,2.5090,1.5840,81,81,100.00
A2000313,2000-11-08,MOD11A2,LST_Day_1km,276.5800,282.5000,22656.9941,5.9200,279.7160,3.7645,1.9402,81,81,100.00
A2000321,2000-11-16,MOD11A2,LST_Day_1km,276.4000,279.9000,22563.6621,3.5000,278.5637,0.4529,0.6729,81,81,100.00
A2000329,2000-11-24,MOD11A2,LST_Day_1km,281.3000,282.6200,22842.0586,1.3200,282.0007,0.1079,0.3285,81,81,100.00
A2000337,2000-12-02,MOD11A2,LST_Day_1km,268.4200,270.3800,21842.2617,1.9600,269.6576,0.1804,0.4248,81,81,100.00
A2000345,2000-12-10,MOD11A2,LST_Day_1km,253.5200,256.2200,9684.5195,2.7000,254.8558,0.4152,0.6443,81,38,46.91
A2000353,2000-12-18,MOD11A2,LST_Day_1km,252.6400,256.3800,20667.7578,3.7400,255.1575,2.3572,1.5353,81,81,100.00
A2000361,2000-12-26,MOD11A2,LST_Day_1km,258.5600,260.4000,21017.4570,1.8400,259.4748,0.1632,0.4040,81,81,100.00
A2001001,2001-01-01,MOD11A2,LST_Day_1km,271.1800,271.8600,21988.4961,0.6800,271.4629,0.0217,0.1473,81,81,100.00
A2001009,2001-01-09,MOD11A2,LST_Day_1km,260.9200,269.6400,21297.1211,8.7200,262.9274,5.3065,2.3036,81,81,100.00
A2001017,2001-01-17,MOD11A2,LST_Day_1km,267.2800,268.7600,21743.9199,1.4800,268.4435,0.0661,0.2571,81,81,100.00
A2001025,2001-01-25,MOD11A2,LST_Day_1km,262.4800,265.0800,19514.0820,2.6000,263.7038,0.5181,0.7198,81,74,91.36
A2001033,2001-02-02,MOD11A2,LST_Day_1km,263.1800,271.7600,21930.1152,8.5800,270.7422,5.1396,2.2671,81,81,100.00
A2001041,2001-02-10,MOD11A2,LST_Day_1km,259.9600,266.4400,21101.7168,6.4800,260.5150,1.3183,1.1482,81,81,100.00
A2001049,2001-02-18,MOD11A2,LST_Day_1km,268.3400,272.3200,21886.4375,3.9800,270.2029,1.4318,1.1966,81,81,100.00
A2001057,2001-02-26,MOD11A2,LST_Day_1km,270.2800,271.7200,21946.4766,1.4400,270.9442,0.1077,0.3282,81,81,100.00
A2001065,2001-03-06,MOD11A2,LST_Day_1km,271.8800,274.9000,22197.3203,3.0200,274.0410,0.3135,0.5599,81,81,100.00
A2001073,2001-03-14,MOD11A2,LST_Day_1km,274.2000,275.6800,22253.5195,1.4800,274.7348,0.0840,0.2899,81,81,100.00
A2001081,2001-03-22,MOD11A2,LST_Day_1km,280.5800,286.2600,12769.5254,5.6800,283.7672,2.4537,1.5664,81,45,55.56
A2001089,2001-03-30,MOD11A2,LST_Day_1km,286.1000,290.8000,23408.5820,4.7000,288.9948,2.4351,1.5605,81,81,100.00
A2001097,2001-04-07,MOD11A2,LST_Day_1km,292.9400,298.3200,23913.9023,5.3800,295.2334,1.6944,1.3017,81,81,100.00
A2001105,2001-04-15,MOD11A2,LST_Day_1km,293.7200,299.5400,24078.9570,5.8200,297.2711,2.6368,1.6238,81,81,100.00
A2001113,2001-04-23,MOD11A2,LST_Day_1km,302.7000,306.5000,24652.4238,3.8000,304.3509,0.7872,0.8873,81,81,100.00
A2001121,2001-05-01,MOD11A2,LST_Day_1km,291.2600,300.7400,24166.3574,9.4800,298.3501,4.7351,2.1760,81,81,100.00
A2001129,2001-05-09,MOD11A2,LST_Day_1km,300.4000,305.1000,24454.4824,4.7000,301.9072,0.9361,0.9675,81,81,100.00
A2001137,2001-05-17,MOD11A2,LST_Day_1km,296.1000,305.6400,24495.9629,9.5400,302.4193,4.9402,2.2227,81,81,100.00
A2001145,2001-05-25,MOD11A2,LST_Day_1km,292.3400,296.6800,23934.4590,4.3400,295.4872,0.8578,0.9262,81,81,100.00
A2001153,2001-06-02,MOD11A2,LST_Day_1km,295.1000,305.6400,16874.3574,10.5400,301.3278,7.7176,2.7781,81,56,69.14
A2001161,2001-06-10,MOD11A2,LST_Day_1km,301.9400,308.3000,24654.4766,6.3600,304.3763,2.7316,1.6528,81,81,100.00
A2001177,2001-06-26,MOD11A2,LST_Day_1km,,,,,,,,81,0,0.00
A2001185,2001-07-04,MOD11A2,LST_Day_1km,302.0400,307.4000,24732.5957,5.3600,305.3407,0.8921,0.9445,81,81,100.00
A2001193,2001-07-12,MOD11A2,LST_Day_1km,304.0200,309.0200,24733.2598,5.0000,305.3489,0.9214,0.9599,81,81,100.00
A2001201,2001-07-20,MOD11A2,LST_Day_1km,300.1200,304.1400,24440.0762,4.0200,301.7293,0.9501,0.9747,81,81,100.00
A2001209,2001-07-28,MOD11A2,LST_Day_1km,301.5000,303.1000,24487.0957,1.6000,302.3098,0.1971,0.4440,81,81,100.00
A2001217,2001-08-05,MOD11A2,LST_Day_1km,301.1000,302.8600,24454.8750,1.7600,301.9120,0.1882,0.4338,81,81,100.00
A2001225,2001-08-13,MOD11A2,LST_Day_1km,296.5400,301.3000,24144.3379,4.7600,298.0782,0.8298,0.9109,81,81,100.00
A2001233,2001-08-21,MOD11A2,LST_Day_1km,292.9600,300.2800,24154.9805,7.3200,298.2096,2.8088,1.6760,81,81,100.00
A2001241,2001-08-29,MOD11A2,LST_Day_1km,297.8000,301.4400,24286.5195,3.6400,299.8336,0.7047,0.8395,81,81,100.00
A2001249,2001-09-06,MOD11A2,LST_Day_1km,297.0600,298.0600,24096.4434,1.0000,297.4870,0.0559,0.2365,81,81,100.00
A2001257,2001-09-14,MOD11A2,LST_Day_1km,288.9400,294.3800,9061.7607,5.4400,292.3148,2.3488,1.5326,81,31,38.27
A2001265,2001-09-22,MOD11A2,LST_Day_1km,293.9800,296.1000,23880.5645,2.1200,294.8218,0.2007,0.4480,81,81,100.00
A2001273,2001-09-30,MOD11A2,LST_Day_1km,296.2800,298.5200,24085.8203,2.2400,297.3558,0.2080,0.4560,81,81,100.00
A2001281,2001-10-08,MOD11A2,LST_Day_1km,284.6800,288.9400,17239.5430,4.2600,287.3257,1.2517,1.1188,81,60,74.07
A2001289,2001-10-16,MOD11A2,LST_Day_1km,287.2600,291.1000,23441.3398,3.8400,289.3993,0.6475,0.8047,81,81,100.00
A2001297,2001-10-24,MOD11A2,LST_Day_1km,284.2600,289.3000,23175.0410,5.0400,286.1116,3.3220,1.8226,81,81,100.00
A2001305,2001-11-01,MOD11A2,LST_Day_1km,294.7800,296.3000,23945.7617,1.5200,295.6267,0.1019,0.3193,81,81,100.00
A2001313,2001-11-09,MOD11A2,LST_Day_1km,289.5800,292.3200,23588.5410,2.7400,291.2166,0.3399,0.5830,81,81,100.00
A2001321,2001-11-17,MOD11A2,LST_Day_1km,287.0000,291.0000,23418.3164,4.0000,289.1150,0.9428,0.9710,81,81,100.00
A2001329,2001-11-25,MOD11A2,LST_Day_1km,280.0800,282.5800,22824.4629,2.5000,281.7835,0.2808,0.5299,81,81,100.00
A2001337,2001-12-03,MOD11A2,LST_Day_1km,280.3200,282.4200,22757.0176,2.1000,280.9508,0.4451,0.6671,81,81,100.00
A2001345,2001-12-11,MOD11A2,LST_Day_1km,276.9800,279.2200,22544.3613,2.2400,278.3254,0.1406,0.3750,81,81,100.00
A2001353,2001-12-19,MOD11A2,LST_Day_1km,275.0400,278.2400,22369.4180,3.2000,276.1656,0.9085,0.9531,81,81,100.00
A2001361,2001-12-27,MOD11A2,LST_Day_1km,268.7600,269.5600,21804.7637,0.8000,269.1946,0.0281,0.1676,81,81,100.00
A2002001,2002-01-01,MOD11A2,LST_Day_1km,275.1000,278.5400,22449.9824,3.4400,277.1603,0.3811,0.6173,81,81,100.00
A2002009,2002-01-09,MOD11A2,LST_Day_1km,279.6800,282.2400,22683.6992,2.5600,280.0457,0.0842,0.2902,81,81,100.00
A2002017,2002-01-17,MOD11A2,LST_Day_1km,275.2200,277.7600,22374.0527,2.5400,276.2229,0.2808,0.5299,81,81,100.00
A2002025,2002-01-25,MOD11A2,LST_Day_1km,284.5400,287.7600,23243.4785,3.2200,286.9565,0.4400,0.6633,81,81,100.00
A2002033,2002-02-02,MOD11A2,LST_Day_1km,268.5800,271.0000,21866.1992,2.4200,269.9531,0.1026,0.3204,81,81,100.00
A2002041,2002-02-10,MOD11A2,LST_Day_1km,280.5800,281.8000,22781.8613,1.2200,281.2575,0.1159,0.3405,81,81,100.00
A2002049,2002-02-18,MOD11A2,LST_Day_1km,277.6000,287.3200,22080.1270,9.7200,283.0786,6.7733,2.6025,81,78,96.30
A2002057,2002-02-26,MOD11A2,LST_Day_1km,276.0400,282.7800,22742.6953,6.7400,280.7740,1.4140,1.1891,81,81,100.00
A2002065,2002-03-06,MOD11A2,LST_Day_1km,275.0800,280.4800,22444.3262,5.4000,277.0905,3.5575,1.8861,81,81,100.00
A2002073,2002-03-14,MOD11A2,LST_Day_1km,284.5600,291.2600,23310.2773,6.7000,287.7812,2.3772,1.5418,81,81,100.00
A2002081,2002-03-22,MOD11A2,LST_Day_1km,291.9400,293.9200,23441.4961,1.9800,293.0187,0.1889,0.4347,81,80,98.77
A2002089,2002-03-30,MOD11A2,LST_Day_1km,288.5200,293.9000,23669.4961,5.3800,292.2160,1.6278,1.2759,81,81,100.00
A2002097,2002-04-07,MOD11A2,LST_Day_1km,290.0000,293.9800,23635.2578,3.9800,291.7933,0.6720,0.8198,81,81,100.00
A2002105,2002-04-15,MOD11A2,LST_Day_1km,295.8800,310.7800,24692.2207,14.9000,304.8422,19.7168,4.4404,81,81,100.00
A2002113,2002-04-23,MOD11A2,LST_Day_1km,290.5400,293.3000,23695.5020,2.7600,292.5370,0.3132,0.5597,81,81,100.00
A2002121,2002-05-01,MOD11A2,LST_Day_1km,297.3800,300.6000,24244.1445,3.2200,299.3104,0.5240,0.7239,81,81,100.00
A2002129,2002-05-09,MOD11A2,LST_Day_1km,293.9600,299.1400,23989.5020,5.1800,296.1667,2.2595,1.5032,81,81,100.00
A2002137,2002-05-17,MOD11A2,LST_Day_1km,293.6200,300.7800,24136.4160,7.1600,297.9804,2.5047,1.5826,81,81,100.00
A2002145,2002-05-25,MOD11A2,LST_Day_1km,301.9800,309.4000,24721.4199,7.4200,305.2027,3.8665,1.9663,81,81,100.00
A2002153,2002-06-02,MOD11A2,LST_Day_1km,302.9000,309.0000,24812.6934,6.1000,306.3296,2.3655,1.5380,81,81,100.00
A2002161,2002-06-10,MOD11A2,LST_Day_1km,297.2000,304.1800,24405.0352,6.9800,301.2967,1.5107,1.2291,81,81,100.00
A2002169,2002-06-18,MOD11A2,LST_Day_1km,304.2400,308.6800,24824.1797,4.4400,306.4713,0.8827,0.9395,81,81,100.00
A2002177,2002-06-26,MOD11A2,LST_Day_1km,302.6000,305.1400,24578.8027,2.5400,303.4420,0.4177,0.6463,81,81,100.00
A2002185,2002-07-04,MOD11A2,LST_Day_1km,302.1600,306.3800,24681.4648,4.2200,304.7094,0.7116,0.8436,81,81,100.00
A2002193,2002-07-12,MOD11A2,LST_Day_1km,299.7000,302.0400,24370.9980,2.3400,300.8765,0.2655,0.5152,81,81,100.00
A2002201,2002-07-20,MOD11A2,LST_Day_1km,298.3600,303.0600,24324.2949,4.7000,300.2999,0.8893,0.9430,81,81,100.00
A2002209,2002-07-28,MOD11A2,LST_Day_1km,300.8400,302.4400,24418.0195,1.6000,301.4570,0.1252,0.3538,81,81,100.00
A2002217,2002-08-05,MOD11A2,LST_Day_1km,298.0800,300.3800,24228.8594,2.3000,299.1217,0.2506,0.5006,81,81,100.00
A2002225,2002-08-13,MOD11A2,LST_Day_1km,297.3000,298.4600,24128.9434,1.1600,297.8882,0.0498,0.2232,81,81,100.00
A2002233,2002-08-21,MOD11A2,LST_Day_1km,297.2800,301.6600,21578.5195,4.3800,299.7017,0.8742,0.9350,81,72,88.89
A2002241,2002-08-29,MOD11A2,LST_Day_1km,300.6800,301.9600,24397.4004,1.2800,301.2025,0.0863,0.2938,81,81,100.00
A2002249,2002-09-06,MOD11A2,LST_Day_1km,303.2000,304.9800,24637.5000,1.7800,304.1667,0.1013,0.3183,81,81,100.00
A2002257,2002-09-14,MOD11A2,LST_Day_1km,297.9000,300.3000,24225.9473,2.4000,299.0858,0.2076,0.4557,81,81,100.00
A2002265,2002-09-22,MOD11A2,LST_Day_1km,294.7200,297.7000,24001.5391,2.9800,296.3153,0.3019,0.5495,81,81,100.00
A2002273,2002-09-30,MOD11A2,LST_Day_1km,293.6800,295.9000,23884.4805,2.2200,294.8701,0.3585,0.5987,81,81,100.00
A2002281,2002-10-08,MOD11A2,LST_Day_1km,291.4600,295.5600,23768.3184,4.1000,293.4360,1.5696,1.2528,81,81,100.00
A2002289,2002-10-16,MOD11A2,LST_Day_1km,284.5600,288.3000,23179.8613,3.7400,286.1711,0.8681,0.9317,81,81,100.00
A2002297,2002-10-24,MOD11A2,LST_Day_1km,280.9200,282.8200,4227.4199,1.9000,281.8280,0.4094,0.6398,81,15,18.52
A2002305,2002-11-01,MOD11A2,LST_Day_1km,281.0400,285.1000,22865.3398,4.0600,282.2881,0.5996,0.7743,81,81,100.00
A2002313,2002-11-09,MOD11A2,LST_Day_1km,278.7800,286.8400,22966.5762,8.0600,283.5380,2.4268,1.5578,81,81,100.00
A2002321,2002-11-17,MOD11A2,LST_Day_1km,280.6000,283.0800,22848.0762,2.4800,282.0750,0.3750,0.6124,81,81,100.00
A2002329,2002-11-25,MOD11A2,LST_Day_1km,275.7000,276.8600,22384.6406,1.1600,276.3536,0.0666,0.2580,81,81,100.00
A2002337,2002-12-03,MOD11A2,LST_Day_1km,276.3400,278.8000,22481.8965,2.4600,277.5543,0.6952,0.8338,81,81,100.00
A2002345,2002-12-11,MOD11A2,LST_Day_1km,280.2800,283.5400,22795.0234,3.2600,281.4200,0.6662,0.8162,81,81,100.00
A2002353,2002-12-19,MOD11A2,LST_Day_1km,273.0600,275.0000,22213.3418,1.9400,274.2388,0.2717,0.5213,81,81,100.00
A2002361,2002-12-27,MOD11A2,LST_Day_1km,274.6000,277.3800,22366.1836,2.7800,276.1257,0.5719,0.7563,81,81,100.00
A2003001,2003-01-01,MOD11A2,LST_Day_1km,277.1000,279.3200,22547.7168,2.2200,278.3669,0.4201,0.6482,81,81,100.00
A2003009,2003-01-09,MOD11A2,LST_Day_1km,272.3200,273.8600,22123.8633,1.5400,273.1341,0.0777,0.2788,81,81,100.00
A2003017,2003-01-17,MOD11A2,LST_Day_1km,264.5000,265.3000,15628.0576,0.8000,264.8823,0.0295,0.1719,81,59,72.84
A2003025,2003-01-25,MOD11A2,LST_Day_1km,259.0000,274.0800,4306.7603,15.0800,269.1725,45.0334,6.7107,81,16,19.75
A2003033,2003-02-02,MOD11A2,LST_Day_1km,262.8400,263.3600,4210.3799,0.5200,263.1487,0.0312,0.1766,81,16,19.75
A2003041,2003-02-10,MOD11A2,LST_Day_1km,271.2200,281.8400,22612.0234,10.6200,279.1608,7.8248,2.7973,81,81,100.00
A2003049,2003-02-18,MOD11A2,LST_Day_1km,273.0000,275.2000,22237.0195,2.2000,274.5311,0.3213,0.5669,81,81,100.00
A2003057,2003-02-26,MOD11A2,LST_Day_1km,268.4600,274.2800,19727.9980,5.8200,270.2466,1.3068,1.1432,81,73,90.12
A2003065,2003-03-06,MOD11A2,LST_Day_1km,266.8800,271.5400,21722.7812,4.6600,268.1825,1.5486,1.2444,81,81,100.00
A2003073,2003-03-14,MOD11A2,LST_Day_1km,288.6800,294.6000,23703.6016,5.9200,292.6371,3.2575,1.8049,81,81,100.00
A2003081,2003-03-22,MOD11A2,LST_Day_1km,290.3800,295.8400,23733.9395,5.4600,293.0116,2.0786,1.4417,81,81,100.00
A2003089,2003-03-30,MOD11A2,LST_Day_1km,302.7000,305.0000,24627.4473,2.3000,304.0426,0.2883,0.5369,81,81,100.00
A2003097,2003-04-07,MOD11A2,LST_Day_1km,298.7200,301.1600,24312.6348,2.4400,300.1560,0.2297,0.4793,81,81,100.00
A2003105,2003-04-15,MOD11A2,LST_Day_1km,298.9800,302.9400,24363.5391,3.9600,300.7844,1.0723,1.0355,81,81,100.00
A2003113,2003-04-23,MOD11A2,LST_Day_1km,298.8400,301.8400,24341.1992,3.0000,300.5086,0.5907,0.7685,81,81,100.00
A2003121,2003-05-01,MOD11A2,LST_Day_1km,293.3600,298.7800,24000.2832,5.4200,296.2998,2.8960,1.7018,81,81,100.00
A2003129,2003-05-09,MOD11A2,LST_Day_1km,295.4400,297.1800,24022.9180,1.7400,296.5792,0.1147,0.3386,81,81,100.00
A2003137,2003-05-17,MOD11A2,LST_Day_1km,297.0400,302.0000,24275.9785,4.9600,299.7034,1.3603,1.1663,81,81,100.00
A2003145,2003-05-25,MOD11A2,LST_Day_1km,302.9200,309.3000,24798.8809,6.3800,306.1590,1.4412,1.2005,81,81,100.00
A2003153,2003-06-02,MOD11A2,LST_Day_1km,298.0200,303.8000,24436.8574,5.7800,301.6896,1.3362,1.1559,81,81,100.00
A2003161,2003-06-10,MOD11A2,LST_Day_1km,304.4000,312.9600,24908.4980,8.5600,307.5123,4.1913,2.0473,81,81,100.00
A2003169,2003-06-18,MOD11A2,LST_Day_1km,301.9800,306.9200,24664.4023,4.9400,304.4988,1.4411,1.2004,81,81,100.00
A2003177,2003-06-26,MOD11A2,LST_Day_1km,300.4200,303.7200,24476.5840,3.3000,302.1801,0.7869,0.8871,81,81,100.00
A2003185,2003-07-04,MOD11A2,LST_Day_1km,299.5200,302.3600,24406.7207,2.8400,301.3175,0.3455,0.5878,81,81,100.00
A2003193,2003-07-12,MOD11A2,LST_Day_1km,299.5400,302.1200,24382.3613,2.5800,301.0168,0.4156,0.6447,81,81,100.00
A2003201,2003-07-20,MOD11A2,LST_Day_1km,298.7200,301.9200,24286.4414,3.2000,299.8326,0.2313,0.4809,81,81,100.00
A2003209,2003-07-28,MOD11A2,LST_Day_1km,298.2800,300.1200,24249.5391,1.8400,299.3770,0.1362,0.3691,81,81,100.00
A2003217,2003-08-05,MOD11A2,LST_Day_1km,298.5800,302.1200,24276.8984,3.5400,299.7148,0.3978,0.6307,81,81,100.00
A2003225,2003-08-13,MOD11A2,LST_Day_1km,301.5200,304.9000,24551.2422,3.3800,303.1017,0.3239,0.5691,81,81,100.00
A2003233,2003-08-21,MOD11A2,LST_Day_1km,302.7200,305.3000,24636.3594,2.5800,304.1526,0.3033,0.5508,81,81,100.00
A2003241,2003-08-29,MOD11A2,LST_Day_1km,300.4000,302.2800,24405.8203,1.8800,301.3064,0.1422,0.3771,81,81,100.00
A2003249,2003-09-06,MOD11A2,LST_Day_1km,303.4000,305.4000,24657.2266,2.0000,304.4102,0.1939,0.4403,81,81,100.00
A2003257,2003-09-14,MOD11A2,LST_Day_1km,296.1600,298.1800,24060.7012,2.0200,297.0457,0.2717,0.5212,81,81,100.00
A2003265,2003-09-22,MOD11A2,LST_Day_1km,292.7400,295.6600,23833.8809,2.9200,294.2455,0.4424,0.6651,81,81,100.00
A2003273,2003-09-30,MOD11A2,LST_Day_1km,295.7400,297.9200,24025.6953,2.1800,296.6135,0.2609,0.5108,81,81,100.00
A2003281,2003-10-08,MOD11A2,LST_Day_1km,294.0200,301.7600,24086.2031,7.7400,297.3605,2.6771,1.6362,81,81,100.00
A2003289,2003-10-16,MOD11A2,LST_Day_1km,296.4000,298.4000,24099.1562,2.0000,297.5204,0.1921,0.4383,81,81,100.00
A2003297,2003-10-24,MOD11A2,LST_Day_1km,282.4600,297.6400,15987.0645,15.1800,290.6739,28.6081,5.3487,81,55,67.90
A2003305,2003-11-01,MOD11A2,LST_Day_1km,275.7800,279.3400,22231.5820,3.5600,277.8948,0.9414,0.9703,81,80,98.77
A2003313,2003-11-09,MOD11A2,LST_Day_1km,279.3400,282.7800,22726.3223,3.4400,280.5719,0.2691,0.5187,81,81,100.00
A2003321,2003-11-17,MOD11A2,LST_Day_1km,285.2800,287.7200,23226.7344,2.4400,286.7498,0.2577,0.5076,81,81,100.00
A2003329,2003-11-25,MOD11A2,LST_Day_1km,278.3400,282.0600,22739.9824,3.7200,280.7405,1.0105,1.0052,81,81,100.00
A2003337,2003-12-03,MOD11A2,LST_Day_1km,274.5400,276.0200,15956.2363,1.4800,275.1075,0.1489,0.3859,81,58,71.60
A2003345,2003-12-11,MOD11A2,LST_Day_1km,263.4000,266.1200,21410.2148,2.7200,264.3236,0.4681,0.6842,81,81,100.00
A2003353,2003-12-19,MOD11A2,LST_Day_1km,274.6400,279.1600,22426.6348,4.5200,276.8720,0.6800,0.8246,81,81,100.00
A2003361,2003-12-27,MOD11A2,LST_Day_1km,276.3800,277.3000,22417.7012,0.9200,276.7617,0.0441,0.2100,81,81,100.00
A2004001,2004-01-01,MOD11A2,LST_Day_1km,257.9400,260.1000,10884.2393,2.1600,259.1486,0.2262,0.4756,81,42,51.85
A2004009,2004-01-09,MOD11A2,LST_Day_1km,274.3000,275.8400,22262.8398,1.5400,274.8499,0.2051,0.4529,81,81,100.00
A2004017,2004-01-17,MOD11A2,LST_Day_1km,269.6600,271.9200,21912.3828,2.2600,270.5233,0.5468,0.7394,81,81,100.00
A2004025,2004-01-25,MOD11A2,LST_Day_1km,,,,,,,,81,0,0.00
A2004033,2004-02-02,MOD11A2,LST_Day_1km,262.5800,270.1200,21423.1738,7.5400,264.4836,4.6169,2.1487,81,81,100.00
A2004041,2004-02-10,MOD11A2,LST_Day_1km,265.7200,267.0200,21572.2988,1.3000,266.3247,0.0990,0.3146,81,81,100.00
A2004049,2004-02-18,MOD11A2,LST_Day_1km,276.2000,278.0000,19711.3613,1.8000,277.6248,0.1151,0.3393,81,71,87.65
A2004057,2004-02-26,MOD11A2,LST_Day_1km,276.9400,280.2600,18173.8379,3.3200,279.5975,0.4248,0.6517,81,65,80.25
A2004065,2004-03-05,MOD11A2,LST_Day_1km,282.6000,284.2800,22954.6211,1.6800,283.3904,0.1542,0.3927,81,81,100.00
A2004073,2004-03-13,MOD11A2,LST_Day_1km,282.5000,284.4200,22958.7617,1.9200,283.4415,0.1905,0.4365,81,81,100.00
A2004081,2004-03-21,MOD11A2,LST_Day_1km,284.0000,285.3600,23064.3164,1.3600,284.7447,0.0719,0.2682,81,81,100.00
A2004089,2004-03-29,MOD11A2,LST_Day_1km,291.7200,295.0000,23784.4434,3.2800,293.6351,0.4286,0.6547,81,81,100.00
A2004097,2004-04-06,MOD11A2,LST_Day_1km,295.5400,298.5200,24072.0605,2.9800,297.1859,0.4731,0.6878,81,81,100.00
A2004105,2004-04-14,MOD11A2,LST_Day_1km,292.4600,301.2400,24041.8145,8.7800,296.8125,7.8992,2.8106,81,81,100.00
A2004113,2004-04-22,MOD11A2,LST_Day_1km,294.6000,304.0400,24176.8008,9.4400,298.4790,9.0275,3.0046,81,81,100.00
A2004121,2004-04-30,MOD11A2,LST_Day_1km,294.3400,300.1200,24169.4355,5.7800,298.3881,1.0316,1.0157,81,81,100.00
A2004129,2004-05-08,MOD11A2,LST_Day_1km,295.3800,303.8200,24168.8438,8.4400,298.3808,4.5007,2.1215,81,81,100.00
A2004137,2004-05-16,MOD11A2,LST_Day_1km,295.4400,304.7800,10807.9209,9.3400,300.2200,13.1173,3.6218,81,36,44.44
A2004145,2004-05-24,MOD11A2,LST_Day_1km,297.4200,301.0000,24237.7207,3.5800,299.2311,0.7114,0.8434,81,81,100.00
A2004153,2004-06-01,MOD11A2,LST_Day_1km,302.0400,307.4600,24711.0605,5.4200,305.0748,1.9605,1.4002,81,81,100.00
A2004161,2004-06-09,MOD11A2,LST_Day_1km,300.9600,302.3600,24437.9219,1.4000,301.7027,0.0758,0.2753,81,81,100.00
A2004169,2004-06-17,MOD11A2,LST_Day_1km,294.7600,300.9600,24077.9258,6.2000,297.2583,4.5521,2.1336,81,81,100.00
A2004177,2004-06-25,MOD11A2,LST_Day_1km,296.4600,299.8400,24126.7832,3.3800,297.8615,0.7475,0.8646,81,81,100.00
A2004185,2004-07-03,MOD11A2,LST_Day_1km,295.4800,302.2800,24287.4766,6.8000,299.8454,3.3692,1.8355,81,81,100.00
A2004193,2004-07-11,MOD11A2,LST_Day_1km,297.1800,300.4600,24207.9043,3.2800,298.8630,0.4970,0.7050,81,81,100.00
A2004201,2004-07-19,MOD11A2,LST_Day_1km,294.2200,299.0800,23817.4570,4.8600,297.7182,1.3948,1.1810,81,80,98.77
A2004209,2004-07-27,MOD11A2,LST_Day_1km,294.8600,302.6800,24087.8008,7.8200,297.3802,3.9856,1.9964,81,81,100.00
A2004217,2004-08-04,MOD11A2,LST_Day_1km,296.4400,298.7200,24099.3789,2.2800,297.5232,0.2463,0.4963,81,81,100.00
A2004225,2004-08-12,MOD11A2,LST_Day_1km,290.4200,296.4200,23737.7207,6.0000,293.0583,2.6104,1.6157,81,81,100.00
A2004233,2004-08-20,MOD11A2,LST_Day_1km,295.3400,298.7200,24051.5996,3.3800,296.9333,0.5016,0.7082,81,81,100.00
A2004241,2004-08-28,MOD11A2,LST_Day_1km,298.4600,301.0600,24292.0547,2.6000,299.9019,0.3778,0.6146,81,81,100.00
A2004249,2004-09-05,MOD11A2,LST_Day_1km,297.7200,299.3400,24195.0605,1.6200,298.7044,0.1170,0.3421,81,81,100.00
A2004257,2004-09-13,MOD11A2,LST_Day_1km,297.4000,299.5000,24167.6758,2.1000,298.3664,0.1649,0.4061,81,81,100.00
A2004265,2004-09-21,MOD11A2,LST_Day_1km,298.6200,301.7000,24317.8418,3.0800,300.2203,0.2911,0.5395,81,81,100.00
A2004273,2004-09-29,MOD11A2,LST_Day_1km,292.7000,295.9800,23815.7988,3.2800,294.0222,0.3450,0.5874,81,81,100.00
A2004281,2004-10-07,MOD11A2,LST_Day_1km,291.6200,298.2400,23895.8555,6.6200,295.0106,1.6620,1.2892,81,81,100.00
A2004289,2004-10-15,MOD11A2,LST_Day_1km,283.3800,290.2800,14846.7373,6.9000,285.5142,2.8696,1.6940,81,52,64.20
A2004297,2004-10-23,MOD11A2,LST_Day_1km,293.3600,296.1800,23905.8594,2.8200,295.1341,0.4761,0.6900,81,81,100.00
A2004305,2004-10-31,MOD11A2,LST_Day_1km,286.0600,288.4200,23283.4004,2.3600,287.4494,0.5123,0.7158,81,81,100.00
A2004313,2004-11-08,MOD11A2,LST_Day_1km,281.2200,282.3800,22815.6387,1.1600,281.6746,0.0659,0.2566,81,81,100.00
A2004321,2004-11-16,MOD11A2,LST_Day_1km,,,,,,,,81,0,0.00
A2004329,2004-11-24,MOD11A2,LST_Day_1km,275.0400,277.3000,22424.8398,2.2600,276.8499,0.1228,0.3504,81,81,100.00
A2004337,2004-12-02,MOD11A2,LST_Day_1km,276.2200,279.8400,22542.7168,3.6200,278.3051,1.1160,1.0564,81,81,100.00
A2004345,2004-12-10,MOD11A2,LST_Day_1km,273.6600,276.9800,22302.1758,3.3200,275.3355,0.7230,0.8503,81,81,100.00
A2004353,2004-12-18,MOD11A2,LST_Day_1km,265.6400,279.2200,22471.9355,13.5800,277.4313,5.1782,2.2756,81,81,100.00
A2004361,2004-12-26,MOD11A2,LST_Day_1km,271.6400,280.0400,22049.2754,8.4000,275.6159,4.1102,2.0274,81,80,98.77
A2005001,2005-01-01,MOD11A2,LST_Day_1km,258.7600,263.7000,14134.0811,4.9400,261.7422,2.1746,1.4747,81,54,66.67
A2005009,2005-01-09,MOD11A2,LST_Day_1km,257.1400,258.8000,20894.3008,1.6600,257.9543,0.1237,0.3517,81,81,100.00
A2005017,2005-01-17,MOD11A2,LST_Day_1km,260.8000,271.6400,17068.6211,10.8400,262.5942,8.7178,2.9526,81,65,80.25
A2005025,2005-01-25,MOD11A2,LST_Day_1km,274.0400,275.7200,22271.2344,1.6800,274.9535,0.0910,0.3016,81,81,100.00
A2005033,2005-02-02,MOD11A2,LST_Day_1km,282.5400,285.2800,22961.9004,2.7400,283.4803,0.2345,0.4843,81,81,100.00
A2005041,2005-02-10,MOD11A2,LST_Day_1km,277.6400,278.2800,22509.5039,0.6400,277.8951,0.0136,0.1168,81,81,100.00
A2005049,2005-02-18,MOD11A2,LST_Day_1km,278.6800,281.3200,22730.3984,2.6400,280.6222,0.3024,0.5499,81,81,100.00
A2005057,2005-02-26,MOD11A2,LST_Day_1km,279.1600,280.8800,22689.0645,1.7200,280.1119,0.2188,0.4677,81,81,100.00
A2005065,2005-03-06,MOD11A2,LST_Day_1km,285.0800,289.5800,23218.0195,4.5000,286.6422,1.2677,1.1259,81,81,100.00
A2005073,2005-03-14,MOD11A2,LST_Day_1km,282.9600,289.7200,23265.2363,6.7600,287.2251,1.1692,1.0813,81,81,100.00
A2005081,2005-03-22,MOD11A2,LST_Day_1km,289.5400,293.2400,23686.1172,3.7000,292.4212,0.2075,0.4555,81,81,100.00
A2005089,2005-03-30,MOD11A2,LST_Day_1km,293.3000,298.9400,24050.4160,5.6400,296.9187,1.5957,1.2632,81,81,100.00
A2005097,2005-04-07,MOD11A2,LST_Day_1km,293.9000,296.5600,23939.5625,2.6600,295.5501,0.4317,0.6570,81,81,100.00
A2005105,2005-04-15,MOD11A2,LST_Day_1km,296.0800,301.3400,24231.6895,5.2600,299.1566,1.2019,1.0963,81,81,100.00
A2005113,2005-04-23,MOD11A2,LST_Day_1km,289.3200,295.8600,23631.2031,6.5400,291.7433,1.5279,1.2361,81,81,100.00
A2005121,2005-05-01,MOD11A2,LST_Day_1km,297.8600,302.7400,24306.5215,4.8800,300.0805,1.2256,1.1071,81,81,100.00
A2005129,2005-05-09,MOD11A2,LST_Day_1km,295.3200,311.9200,24853.8477,16.6000,306.8376,18.6390,4.3173,81,81,100.00
A2005137,2005-05-17,MOD11A2,LST_Day_1km,300.4000,304.9600,24546.1211,4.5600,303.0385,1.2448,1.1157,81,81,100.00
A2005145,2005-05-25,MOD11A2,LST_Day_1km,296.5000,301.1600,24226.3789,4.6600,299.0911,1.2525,1.1192,81,81,100.00
A2005153,2005-06-02,MOD11A2,LST_Day_1km,301.6200,306.2400,24646.7832,4.6200,304.2813,1.2563,1.1208,81,81,100.00
A2005161,2005-06-10,MOD11A2,LST_Day_1km,300.4400,306.1600,24561.0215,5.7200,303.2225,1.9579,1.3992,81,81,100.00
A2005169,2005-06-18,MOD11A2,LST_Day_1km,303.8600,307.6800,24778.1445,3.8200,305.9030,0.7290,0.8538,81,81,100.00
A2005177,2005-06-26,MOD11A2,LST_Day_1km,300.9200,304.0200,24528.2207,3.1000,302.8175,0.5969,0.7726,81,81,100.00
A2005185,2005-07-04,MOD11A2,LST_Day_1km,300.8000,303.1000,24448.2988,2.3000,301.8308,0.2224,0.4716,81,81,100.00
A2005193,2005-07-12,MOD11A2,LST_Day_1km,303.2600,305.3000,24636.7559,2.0400,304.1575,0.2445,0.4945,81,81,100.00
A2005201,2005-07-20,MOD11A2,LST_Day_1km,300.5200,304.2600,24491.6426,3.7400,302.3660,0.7962,0.8923,81,81,100.00
A2005209,2005-07-28,MOD11A2,LST_Day_1km,294.1200,303.2800,24036.0176,9.1600,296.7410,3.8917,1.9727,81,81,100.00
A2005217,2005-08-05,MOD11A2,LST_Day_1km,296.3800,302.5000,24372.0605,6.1200,300.8896,1.3279,1.1523,81,81,100.00
A2005225,2005-08-13,MOD11A2,LST_Day_1km,300.0200,301.9200,24374.7773,1.9000,300.9232,0.1932,0.4395,81,81,100.00
A2005233,2005-08-21,MOD11A2,LST_Day_1km,298.2000,301.4600,24271.3594,3.2600,299.6464,0.4940,0.7029,81,81,100.00
A2005241,2005-08-29,MOD11A2,LST_Day_1km,300.9600,303.3000,24498.6328,2.3400,302.4523,0.2234,0.4727,81,81,100.00
A2005249,2005-09-06,MOD11A2,LST_Day_1km,302.6000,304.2200,24577.7988,1.6200,303.4296,0.1792,0.4233,81,81,100.00
A2005257,2005-09-14,MOD11A2,LST_Day_1km,300.5000,303.8400,24448.4785,3.3400,301.8331,0.4237,0.6509,81,81,100.00
A2005265,2005-09-22,MOD11A2,LST_Day_1km,295.8600,299.1800,24103.9375,3.3200,297.5795,0.4647,0.6817,81,81,100.00
A2005273,2005-09-30,MOD11A2,LST_Day_1km,300.3600,302.5800,24411.1035,2.2200,301.3716,0.2582,0.5081,81,81,100.00
A2005281,2005-10-08,MOD11A2,LST_Day_1km,293.7800,300.1600,23984.3359,6.3800,296.1029,3.0002,1.7321,81,81,100.00
A2005289,2005-10-16,MOD11A2,LST_Day_1km,297.5800,299.3800,24173.7637,1.8000,298.4415,0.1753,0.4187,81,81,100.00
A2005297,2005-10-24,MOD11A2,LST_Day_1km,289.5200,291.4000,23549.6523,1.8800,290.7365,0.1835,0.4283,81,81,100.00
A2005305,2005-11-01,MOD11A2,LST_Day_1km,288.8600,292.2200,23538.0566,3.3600,290.5933,0.6566,0.8103,81,81,100.00
A2005313,2005-11-09,MOD11A2,LST_Day_1km,283.4400,287.6400,23109.3477,4.2000,285.3006,1.5611,1.2494,81,81,100.00
A2005321,2005-11-17,MOD11A2,LST_Day_1km,272.5600,275.4000,22141.7188,2.8400,273.3546,0.5540,0.7443,81,81,100.00
A2005329,2005-11-25,MOD11A2,LST_Day_1km,279.3400,286.5000,23015.2031,7.1600,284.1383,7.5076,2.7400,81,81,100.00
A2005337,2005-12-03,MOD11A2,LST_Day_1km,258.9400,261.4400,21059.0781,2.5000,259.9886,0.5201,0.7212,81,81,100.00
A2005345,2005-12-11,MOD11A2,LST_Day_1km,263.6800,264.9400,17442.5195,1.2600,264.2806,0.0710,0.2664,81,66,81.48
A2005353,2005-12-19,MOD11A2,LST_Day_1km,266.5600,270.9400,19356.4629,4.3800,268.8398,1.9208,1.3859,81,72,88.89
A2005361,2005-12-27,MOD11A2,LST_Day_1km,,,,,,,,81,0,0.00
A2006001,2006-01-01,MOD11A2,LST_Day_1km,274.8200,276.5000,5797.9395,1.6800,276.0923,0.2212,0.4703,81,21,25.93
A2006009,2006-01-09,MOD11A2,LST_Day_1km,278.0200,279.0800,22554.8965,1.0600,278.4555,0.0454,0.2131,81,81,100.00
A2006017,2006-01-17,MOD11A2,LST_Day_1km,276.5200,280.3200,22564.3164,3.8000,278.5718,0.9351,0.9670,81,81,100.00
A2006025,2006-01-25,MOD11A2,LST_Day_1km,281.6200,282.9800,22881.2617,1.3600,282.4847,0.1851,0.4303,81,81,100.00
A2006033,2006-02-02,MOD11A2,LST_Day_1km,274.4600,289.3200,22820.5039,14.8600,281.7346,33.5900,5.7957,81,81,100.00
A2006041,2006-02-10,MOD11A2,LST_Day_1km,285.2000,286.0600,23142.2559,0.8600,285.7068,0.0398,0.1996,81,81,100.00
A2006049,2006-02-18,MOD11A2,LST_Day_1km,282.3200,283.8000,22919.9219,1.4800,282.9620,0.1231,0.3508,81,81,100.00
A2006057,2006-02-26,MOD11A2,LST_Day_1km,280.9600,282.7600,22833.1211,1.8000,281.8904,0.1291,0.3593,81,81,100.00
A2006065,2006-03-06,MOD11A2,LST_Day_1km,281.1400,284.6200,22932.3184,3.4800,283.1151,0.7024,0.8381,81,81,100.00
A2006073,2006-03-14,MOD11A2,LST_Day_1km,285.1600,287.0000,23167.0801,1.8400,286.0133,0.1715,0.4141,81,81,100.00
A2006081,2006-03-22,MOD11A2,LST_Day_1km,275.8600,289.7400,22436.9844,13.8800,287.6537,9.1573,3.0261,81,78,96.30
A2006089,2006-03-30,MOD11A2,LST_Day_1km,292.3600,294.0200,23749.2070,1.6600,293.2001,0.1335,0.3653,81,81,100.00
A2006097,2006-04-07,MOD11A2,LST_Day_1km,300.2800,302.9400,24453.9551,2.6600,301.9007,0.3095,0.5564,81,81,100.00
A2006105,2006-04-15,MOD11A2,LST_Day_1km,295.6800,300.6600,24154.6211,4.9800,298.2052,1.0999,1.0487,81,81,100.00
A2006113,2006-04-23,MOD11A2,LST_Day_1km,298.3600,302.6400,24372.7578,4.2800,300.8983,0.9308,0.9648,81,81,100.00
A2006121,2006-05-01,MOD11A2,LST_Day_1km,295.7800,302.0800,24209.3203,6.3000,298.8805,2.2160,1.4886,81,81,100.00
A2006129,2006-05-09,MOD11A2,LST_Day_1km,298.0400,302.9200,20161.6973,4.8800,300.9209,1.3011,1.1406,81,67,82.72
A2006137,2006-05-17,MOD11A2,LST_Day_1km,301.5600,304.9200,24562.2227,3.3600,303.2373,0.7331,0.8562,81,81,100.00
A2006145,2006-05-25,MOD11A2,LST_Day_1km,305.1600,310.6000,24977.6348,5.4400,308.3659,1.5158,1.2312,81,81,100.00
A2006153,2006-06-02,MOD11A2,LST_Day_1km,303.5800,313.1200,25005.2988,9.5400,308.7074,5.7754,2.4032,81,81,100.00
A2006161,2006-06-10,MOD11A2,LST_Day_1km,304.6800,308.1800,24821.9980,3.5000,306.4444,0.7031,0.8385,81,81,100.00
A2006169,2006-06-18,MOD11A2,LST_Day_1km,301.5800,309.3400,24716.5195,7.7600,305.1422,2.1865,1.4787,81,81,100.00
A2006177,2006-06-26,MOD11A2,LST_Day_1km,300.3200,306.6200,24512.8379,6.3000,302.6276,1.8350,1.3546,81,81,100.00
A2006185,2006-07-04,MOD11A2,LST_Day_1km,301.1400,306.4000,24557.6406,5.2600,303.1808,1.0901,1.0441,81,81,100.00
A2006193,2006-07-12,MOD11A2,LST_Day_1km,304.6800,309.8800,24824.6074,5.2000,306.4766,1.1211,1.0588,81,81,100.00
A2006201,2006-07-20,MOD11A2,LST_Day_1km,299.8400,303.9800,24413.4004,4.1400,301.4000,0.4808,0.6934,81,81,100.00
A2006209,2006-07-28,MOD11A2,LST_Day_1km,303.2400,305.2200,24626.8242,1.9800,304.0349,0.2198,0.4689,81,81,100.00
A2006217,2006-08-05,MOD11A2,LST_Day_1km,295.5800,298.4400,24031.1641,2.8600,296.6810,0.3295,0.5740,81,81,100.00
A2006225,2006-08-13,MOD11A2,LST_Day_1km,297.9600,299.8600,24198.8359,1.9000,298.7511,0.2242,0.4735,81,81,100.00
A2006233,2006-08-21,MOD11A2,LST_Day_1km,300.3800,301.9800,24385.2988,1.6000,301.0531,0.1663,0.4078,81,81,100.00
A2006241,2006-08-29,MOD11A2,LST_Day_1km,295.0600,298.7000,24058.0801,3.6400,297.0133,0.8590,0.9268,81,81,100.00
A2006249,2006-09-06,MOD11A2,LST_Day_1km,296.4800,299.5000,24145.8242,3.0200,298.0966,0.5552,0.7451,81,81,100.00
A2006257,2006-09-14,MOD11A2,LST_Day_1km,295.4400,298.6400,24068.5000,3.2000,297.1420,0.7435,0.8623,81,81,100.00
A2006265,2006-09-22,MOD11A2,LST_Day_1km,292.8400,297.2200,23880.5781,4.3800,294.8220,0.7309,0.8549,81,81,100.00
A2006273,2006-09-30,MOD11A2,LST_Day_1km,296.0800,300.4800,24138.1152,4.4000,298.0014,1.2765,1.1298,81,81,100.00
A2006281,2006-10-08,MOD11A2,LST_Day_1km,285.5400,288.4600,23179.5176,2.9200,286.1669,0.2702,0.5198,81,81,100.00
A2006289,2006-10-16,MOD11A2,LST_Day_1km,280.4000,286.5600,23000.1973,6.1600,283.9531,4.0903,2.0224,81,81,100.00
A2006297,2006-10-24,MOD11A2,LST_Day_1km,282.0600,285.5800,23022.6426,3.5200,284.2302,0.5566,0.7461,81,81,100.00
A2006305,2006-11-01,MOD11A2,LST_Day_1km,285.5600,287.3800,23195.7598,1.8200,286.3674,0.1035,0.3217,81,81,100.00
A2006313,2006-11-09,MOD11A2,LST_Day_1km,282.7000,283.4400,22927.1973,0.7400,283.0518,0.0341,0.1846,81,81,100.00
A2006321,2006-11-17,MOD11A2,LST_Day_1km,282.3400,284.7600,22968.1816,2.4200,283.5578,0.3495,0.5912,81,81,100.00
A2006329,2006-11-25,MOD11A2,LST_Day_1km,269.7000,289.2400,22360.8594,19.5400,276.0600,70.2411,8.3810,81,81,100.00
A2006337,2006-12-03,MOD11A2,LST_Day_1km,273.4200,278.4200,22315.7441,5.0000,275.5030,1.4639,1.2099,81,81,100.00
A2006345,2006-12-11,MOD11A2,LST_Day_1km,277.9400,282.8200,22729.5820,4.8800,280.6121,0.9666,0.9832,81,81,100.00
A2006353,2006-12-19,MOD11A2,LST_Day_1km,275.7800,277.7000,22403.8047,1.9200,276.5902,0.2146,0.4632,81,81,100.00
A2006361,2006-12-27,MOD11A2,LST_Day_1km,280.3000,282.0400,22754.7168,1.7400,280.9224,0.1078,0.3283,81,81,100.00
A2007001,2007-01-01,MOD11A2,LST_Day_1km,276.4800,277.4800,22451.3809,1.0000,277.1776,0.0626,0.2501,81,81,100.00
A2007009,2007-01-09,MOD11A2,LST_Day_1km,274.3000,275.3000,22273.9238,1.0000,274.9867,0.0671,0.2590,81,81,100.00
A2007017,2007-01-17,MOD11A2,LST_Day_1km,262.5200,266.5600,21424.4805,4.0400,264.4998,1.3790,1.1743,81,81,100.00
A2007025,2007-01-25,MOD11A2,LST_Day_1km,264.0600,273.6400,21763.3770,9.5800,268.6837,4.6961,2.1670,81,81,100.00
A2007033,2007-02-02,MOD11A2,LST_Day_1km,252.9000,261.9800,20177.0020,9.0800,258.6795,1.5647,1.2509,81,78,96.30
A2007041,2007-02-10,MOD11A2,LST_Day_1km,260.0000,263.6200,21232.7637,3.6200,262.1329,0.8048,0.8971,81,81,100.00
A2007049,2007-02-18,MOD11A2,LST_Day_1km,273.3000,279.1200,22296.4023,5.8200,275.2642,1.4449,1.2020,81,81,100.00
A2007057,2007-02-26,MOD11A2,LST_Day_1km,266.4200,271.5800,21939.8828,5.1600,270.8628,0.6027,0.7764,81,81,100.00
A2007065,2007-03-06,MOD11A2,LST_Day_1km,276.7600,284.5000,22657.0195,7.7400,279.7163,1.6843,1.2978,81,81,100.00
A2007073,2007-03-14,MOD11A2,LST_Day_1km,285.8600,289.1200,23262.3594,3.2600,287.1896,0.5405,0.7352,81,81,100.00
A2007081,2007-03-22,MOD11A2,LST_Day_1km,295.3600,297.4400,24026.8438,2.0800,296.6277,0.2693,0.5190,81,81,100.00
A2007089,2007-03-30,MOD11A2,LST_Day_1km,279.3800,287.6200,22988.2168,8.2400,283.8051,7.1699,2.6777,81,81,100.00
A2007097,2007-04-07,MOD11A2,LST_Day_1km,284.5600,287.8800,23208.6191,3.3200,286.5262,0.6333,0.7958,81,81,100.00
A2007105,2007-04-15,MOD11A2,LST_Day_1km,298.5000,301.7200,24312.9766,3.2200,300.1602,0.5075,0.7124,81,81,100.00
A2007113,2007-04-23,MOD11A2,LST_Day_1km,299.9200,305.4600,24601.5938,5.5400,303.7234,2.5389,1.5934,81,81,100.00
A2007121,2007-05-01,MOD11A2,LST_Day_1km,,,,,,,,81,0,0.00
A2007129,2007-05-09,MOD11A2,LST_Day_1km,296.8200,305.4800,24409.5586,8.6600,301.3526,3.2896,1.8137,81,81,100.00
A2007137,2007-05-17,MOD11A2,LST_Day_1km,300.4600,305.0800,24525.0996,4.6200,302.7790,1.1657,1.0797,81,81,100.00
A2007145,2007-05-25,MOD11A2,LST_Day_1km,295.1600,299.3800,24051.1973,4.2200,296.9284,1.1762,1.0845,81,81,100.00
A2007153,2007-06-02,MOD11A2,LST_Day_1km,297.9800,302.1400,24320.8789,4.1600,300.2578,0.6935,0.8328,81,81,100.00
A2007161,2007-06-10,MOD11A2,LST_Day_1km,303.9000,310.2400,24854.2168,6.3400,306.8422,2.5859,1.6081,81,81,100.00
A2007169,2007-06-18,MOD11A2,LST_Day_1km,300.5800,304.5200,24543.9570,3.9400,303.0118,0.6478,0.8049,81,81,100.00
A2007177,2007-06-26,MOD11A2,LST_Day_1km,299.8400,303.3400,24419.4844,3.5000,301.4751,0.5579,0.7469,81,81,100.00
A2007185,2007-07-04,MOD11A2,LST_Day_1km,301.2800,305.9200,24523.8203,4.6400,302.7632,1.1255,1.0609,81,81,100.00
A2007193,2007-07-12,MOD11A2,LST_Day_1km,300.5800,303.6800,24466.5762,3.1000,302.0565,0.5741,0.7577,81,81,100.00
A2007201,2007-07-20,MOD11A2,LST_Day_1km,299.7200,301.9000,24370.6836,2.1800,300.8727,0.2206,0.4697,81,81,100.00
A2007209,2007-07-28,MOD11A2,LST_Day_1km,298.4800,302.7000,24380.9180,4.2200,300.9990,0.6656,0.8158,81,81,100.00
A2007217,2007-08-05,MOD11A2,LST_Day_1km,302.0800,303.8600,24524.6973,1.7800,302.7740,0.1614,0.4018,81,81,100.00
A2007225,2007-08-13,MOD11A2,LST_Day_1km,298.7000,301.6800,24312.7461,2.9800,300.1573,0.5057,0.7111,81,81,100.00
A2007233,2007-08-21,MOD11A2,LST_Day_1km,299.4600,302.3200,24413.2734,2.8600,301.3984,0.2526,0.5026,81,81,100.00
A2007241,2007-08-29,MOD11A2,LST_Day_1km,300.8000,302.1800,24411.6016,1.3800,301.3778,0.1162,0.3409,81,81,100.00
A2007249,2007-09-06,MOD11A2,LST_Day_1km,296.6400,298.0800,24102.2598,1.4400,297.5588,0.0883,0.2972,81,81,100.00
A2007257,2007-09-14,MOD11A2,LST_Day_1km,295.7600,297.8400,24024.7012,2.0800,296.6013,0.1672,0.4089,81,81,100.00
A2007265,2007-09-22,MOD11A2,LST_Day_1km,296.6800,299.5600,24133.8027,2.8800,297.9482,0.4336,0.6585,81,81,100.00
A2007273,2007-09-30,MOD11A2,LST_Day_1km,295.3600,299.9800,24149.9961,4.6200,298.1481,0.9127,0.9553,81,81,100.00
A2007281,2007-10-08,MOD11A2,LST_Day_1km,291.7800,294.7200,23781.4980,2.9400,293.5988,0.5042,0.7101,81,81,100.00
A2007289,2007-10-16,MOD11A2,LST_Day_1km,287.9400,291.8600,23524.2188,3.9200,290.4225,1.4112,1.1879,81,81,100.00
A2007297,2007-10-24,MOD11A2,LST_Day_1km,288.8400,290.3000,23455.1641,1.4600,289.5699,0.0922,0.3037,81,81,100.00
A2007305,2007-11-01,MOD11A2,LST_Day_1km,285.3400,287.5200,23172.3594,2.1800,286.0785,0.2069,0.4549,81,81,100.00
A2007313,2007-11-09,MOD11A2,LST_Day_1km,284.2000,286.5400,23092.7617,2.3400,285.0958,0.2322,0.4818,81,81,100.00
A2007321,2007-11-17,MOD11A2,LST_Day_1km,287.3000,289.9800,23358.3848,2.6800,288.3751,0.8587,0.9266,81,81,100.00
A2007329,2007-11-25,MOD11A2,LST_Day_1km,272.1600,276.4000,22305.2617,4.2400,275.3736,0.8080,0.8989,81,81,100.00
A2007337,2007-12-03,MOD11A2,LST_Day_1km,271.0200,271.7800,18453.6133,0.7600,271.3767,0.0425,0.2061,81,68,83.95
A2007345,2007-12-11,MOD11A2,LST_Day_1km,265.4600,266.6200,21540.5586,1.1600,265.9328,0.0679,0.2605,81,81,100.00
A2007353,2007-12-19,MOD11A2,LST_Day_1km,268.5000,271.2200,21886.7031,2.7200,270.2062,0.2214,0.4705,81,81,100.00
A2007361,2007-12-27,MOD11A2,LST_Day_1km,265.0800,266.5800,21507.4043,1.5000,265.5235,0.1122,0.3349,81,81,100.00
A2008001,2008-01-01,MOD11A2,LST_Day_1km,262.3800,263.1800,21025.1230,0.8000,262.8140,0.0125,0.1120,81,80,98.77
A2008009,2008-01-09,MOD11A2,LST_Day_1km,260.9600,263.2400,21241.5840,2.2800,262.2418,0.3412,0.5841,81,81,100.00
A2008017,2008-01-17,MOD11A2,LST_Day_1km,254.8600,258.0000,20765.2031,3.1400,256.3605,1.3237,1.1505,81,81,100.00
A2008025,2008-01-25,MOD11A2,LST_Day_1km,268.8000,269.6000,21806.5273,0.8000,269.2164,0.0442,0.2101,81,81,100.00
A2008033,2008-02-02,MOD11A2,LST_Day_1km,263.3800,269.4200,21698.6816,6.0400,267.8849,2.6779,1.6364,81,81,100.00
A2008041,2008-02-10,MOD11A2,LST_Day_1km,262.2600,266.0400,21350.3535,3.7800,263.5846,1.3044,1.1421,81,81,100.00
A2008049,2008-02-18,MOD11A2,LST_Day_1km,265.9600,270.0200,21655.6777,4.0600,267.3540,1.6801,1.2962,81,81,100.00
A2008057,2008-02-26,MOD11A2,LST_Day_1km,269.9600,271.7000,21903.3750,1.7400,270.4120,0.2821,0.5311,81,81,100.00
A2008065,2008-03-05,MOD11A2,LST_Day_1km,270.0200,274.7800,21996.5391,4.7600,271.5622,1.3378,1.1566,81,81,100.00
A2008073,2008-03-13,MOD11A2,LST_Day_1km,282.1400,285.1800,22997.0977,3.0400,283.9148,0.3519,0.5932,81,81,100.00
A2008081,2008-03-21,MOD11A2,LST_Day_1km,286.3800,288.4800,23284.2656,2.1000,287.4601,0.1334,0.3652,81,81,100.00
A2008089,2008-03-29,MOD11A2,LST_Day_1km,284.9600,291.5400,23384.9043,6.5800,288.7025,5.7366,2.3951,81,81,100.00
A2008097,2008-04-06,MOD11A2,LST_Day_1km,280.7800,291.8400,14837.9580,11.0600,285.3453,14.1786,3.7654,81,52,64.20
A2008105,2008-04-14,MOD11A2,LST_Day_1km,294.8600,297.0600,23974.9805,2.2000,295.9874,0.2787,0.5279,81,81,100.00
A2008113,2008-04-22,MOD11A2,LST_Day_1km,290.3400,299.4200,23669.9824,9.0800,292.2220,1.8325,1.3537,81,81,100.00
A2008121,2008-04-30,MOD11A2,LST_Day_1km,293.8800,300.1000,24089.2812,6.2200,297.3985,2.4602,1.5685,81,81,100.00
A2008129,2008-05-08,MOD11A2,LST_Day_1km,296.7600,301.9000,24267.4492,5.1400,299.5981,1.1544,1.0744,81,81,100.00
A2008137,2008-05-16,MOD11A2,LST_Day_1km,301.3000,306.3000,24581.0469,5.0000,303.4697,1.1849,1.0885,81,81,100.00
A2008145,2008-05-24,MOD11A2,LST_Day_1km,294.1800,298.8200,14820.1406,4.6400,296.4028,0.7027,0.8383,81,50,61.73
A2008153,2008-06-01,MOD11A2,LST_Day_1km,297.5000,303.1600,24267.4980,5.6600,299.5988,1.1719,1.0825,81,81,100.00
A2008161,2008-06-09,MOD11A2,LST_Day_1km,298.2800,301.2800,24274.5156,3.0000,299.6854,0.4041,0.6357,81,81,100.00
A2008169,2008-06-17,MOD11A2,LST_Day_1km,299.8400,306.7600,24671.8223,6.9200,304.5904,2.2724,1.5074,81,81,100.00
A2008177,2008-06-25,MOD11A2,LST_Day_1km,297.9200,302.6600,24307.5332,4.7400,300.0930,1.1112,1.0541,81,81,100.00
A2008185,2008-07-03,MOD11A2,LST_Day_1km,297.2800,302.5200,24312.8848,5.2400,300.1591,1.2293,1.1087,81,81,100.00
A2008193,2008-07-11,MOD11A2,LST_Day_1km,300.3200,302.6400,24399.9805,2.3200,301.2343,0.1902,0.4361,81,81,100.00
A2008201,2008-07-19,MOD11A2,LST_Day_1km,298.0200,301.3600,24295.1992,3.3400,299.9407,0.8659,0.9305,81,81,100.00
A2008209,2008-07-27,MOD11A2,LST_Day_1km,299.4000,302.5000,24358.6230,3.1000,300.7238,0.3814,0.6176,81,81,100.00
A2008217,2008-08-04,MOD11A2,LST_Day_1km,296.2800,300.3800,24173.3340,4.1000,298.4362,0.9453,0.9723,81,81,100.00
A2008225,2008-08-12,MOD11A2,LST_Day_1km,295.0200,298.0200,24038.0762,3.0000,296.7664,0.5868,0.7660,81,81,100.00
A2008233,2008-08-20,MOD11A2,LST_Day_1km,296.8200,298.7400,24105.1992,1.9200,297.5951,0.1765,0.4201,81,81,100.00
A2008241,2008-08-28,MOD11A2,LST_Day_1km,299.0000,301.0200,24315.2637,2.0200,300.1884,0.1342,0.3664,81,81,100.00
A2008249,2008-09-05,MOD11A2,LST_Day_1km,293.3200,294.9600,23831.4980,1.6400,294.2160,0.1364,0.3694,81,81,100.00
A2008257,2008-09-13,MOD11A2,LST_Day_1km,294.9600,297.9600,24012.3594,3.0000,296.4489,0.6098,0.7809,81,81,100.00
A2008265,2008-09-21,MOD11A2,LST_Day_1km,298.0800,300.4200,24253.3848,2.3400,299.4245,0.3285,0.5732,81,81,100.00
A2008273,2008-09-29,MOD11A2,LST_Day_1km,291.8200,294.0600,23740.0820,2.2400,293.0874,0.2051,0.4528,81,81,100.00
A2008281,2008-10-07,MOD11A2,LST_Day_1km,294.7200,295.8600,23918.5176,1.1400,295.2903,0.0524,0.2289,81,81,100.00
A2008289,2008-10-15,MOD11A2,LST_Day_1km,286.1200,291.1800,23481.6602,5.0600,289.8970,0.9306,0.9647,81,81,100.00
A2008297,2008-10-23,MOD11A2,LST_Day_1km,286.3800,288.1600,23308.8574,1.7800,287.7637,0.0569,0.2386,81,81,100.00
A2008305,2008-10-31,MOD11A2,LST_Day_1km,292.7800,294.6000,23804.9141,1.8200,293.8878,0.1238,0.3518,81,81,100.00
A2008313,2008-11-08,MOD11A2,LST_Day_1km,275.8800,276.0200,1931.5800,0.1400,275.9400,0.0048,0.0693,81,7,8.64
A2008321,2008-11-16,MOD11A2,LST_Day_1km,275.1000,278.0000,22412.7012,2.9000,276.7000,0.4088,0.6394,81,81,100.00
A2008329,2008-11-24,MOD11A2,LST_Day_1km,278.9800,280.7800,22696.0605,1.8000,280.1983,0.0974,0.3120,81,81,100.00
A2008337,2008-12-02,MOD11A2,LST_Day_1km,263.9200,267.2200,18880.4609,3.3000,265.9220,0.7296,0.8542,81,71,87.65
A2008345,2008-12-10,MOD11A2,LST_Day_1km,267.3000,273.5600,21226.4746,6.2600,268.6895,3.7665,1.9408,81,79,97.53
A2008353,2008-12-18,MOD11A2,LST_Day_1km,260.4000,262.6600,21171.1055,2.2600,261.3717,0.4062,0.6374,81,81,100.00
A2008361,2008-12-26,MOD11A2,LST_Day_1km,269.2400,272.0600,21974.5938,2.8200,271.2913,0.3944,0.6280,81,81,100.00
A2009001,2009-01-01,MOD11A2,LST_Day_1km,271.2800,271.9600,13041.1836,0.6800,271.6913,0.0326,0.1807,81,48,59.26
A2009009,2009-01-09,MOD11A2,LST_Day_1km,250.3200,260.2200,20633.5762,9.9000,254.7355,6.9015,2.6271,81,81,100.00
A2009017,2009-01-17,MOD11A2,LST_Day_1km,264.4800,267.9200,21655.2812,3.4400,267.3492,0.6078,0.7796,81,81,100.00
A2009025,2009-01-25,MOD11A2,LST_Day_1km,266.6200,272.5200,21809.6758,5.9000,269.2552,2.6241,1.6199,81,81,100.00
A2009033,2009-02-02,MOD11A2,LST_Day_1km,263.9800,276.0800,21335.7129,12.1000,270.0723,7.2593,2.6943,81,79,97.53
A2009041,2009-02-10,MOD11A2,LST_Day_1km,281.6200,282.4000,22841.9395,0.7800,281.9993,0.0363,0.1906,81,81,100.00
A2009049,2009-02-18,MOD11A2,LST_Day_1km,275.4000,278.4400,22444.8008,3.0400,277.0963,0.5164,0.7186,81,81,100.00
A2009057,2009-02-26,MOD11A2,LST_Day_1km,277.0600,279.1400,22537.2773,2.0800,278.2380,0.2131,0.4616,81,81,100.00
A2009065,2009-03-06,MOD11A2,LST_Day_1km,279.3600,287.4400,23013.5527,8.0800,284.1179,10.1330,3.1832,81,81,100.00
A2009073,2009-03-14,MOD11A2,LST_Day_1km,289.5800,292.7800,23620.9434,3.2000,291.6166,0.5114,0.7151,81,81,100.00
A2009081,2009-03-22,MOD11A2,LST_Day_1km,274.9800,286.5000,22116.1816,11.5200,283.5408,5.2161,2.2839,81,78,96.30
A2009089,2009-03-30,MOD11A2,LST_Day_1km,284.3400,289.9800,23392.4570,5.6400,288.7958,1.1984,1.0947,81,81,100.00
A2009097,2009-04-07,MOD11A2,LST_Day_1km,288.8800,291.7000,23553.9961,2.8200,290.7901,0.4201,0.6482,81,81,100.00
A2009105,2009-04-15,MOD11A2,LST_Day_1km,296.0800,301.4400,24117.2812,5.3600,297.7442,0.6687,0.8177,81,81,100.00
A2009113,2009-04-23,MOD11A2,LST_Day_1km,304.4000,308.2400,24824.8574,3.8400,306.4797,0.5924,0.7697,81,81,100.00
A2009121,2009-05-01,MOD11A2,LST_Day_1km,297.3400,301.4600,24277.0391,4.1200,299.7165,1.0267,1.0133,81,81,100.00
A2009129,2009-05-09,MOD11A2,LST_Day_1km,293.9000,296.8800,23870.2188,2.9800,294.6941,0.3783,0.6151,81,81,100.00
A2009137,2009-05-17,MOD11A2,LST_Day_1km,303.3200,307.2000,24760.7559,3.8800,305.6884,0.8793,0.9377,81,81,100.00
A2009145,2009-05-25,MOD11A2,LST_Day_1km,299.6000,306.0200,24539.1348,6.4200,302.9523,2.6496,1.6278,81,81,100.00
A2009153,2009-06-02,MOD11A2,LST_Day_1km,293.9600,300.9600,24223.6445,7.0000,299.0573,1.8184,1.3485,81,81,100.00
A2009161,2009-06-10,MOD11A2,LST_Day_1km,,,,,,,,81,0,0.00
A2009169,2009-06-18,MOD11A2,LST_Day_1km,300.2800,305.9600,24603.6562,5.6800,303.7488,1.4751,1.2145,81,81,100.00
A2009177,2009-06-26,MOD11A2,LST_Day_1km,300.0400,304.6400,24496.3555,4.6000,302.4241,0.8791,0.9376,81,81,100.00
A2009185,2009-07-04,MOD11A2,LST_Day_1km,299.3400,304.1000,24458.8301,4.7600,301.9609,0.7299,0.8544,81,81,100.00
A2009193,2009-07-12,MOD11A2,LST_Day_1km,296.5600,299.5600,24103.4395,3.0000,297.5733,0.7555,0.8692,81,81,100.00
A2009201,2009-07-20,MOD11A2,LST_Day_1km,297.7200,299.4200,24188.6777,1.7000,298.6256,0.1247,0.3532,81,81,100.00
A2009209,2009-07-28,MOD11A2,LST_Day_1km,297.7600,300.0800,24195.7168,2.3200,298.7126,0.2463,0.4963,81,81,100.00
A2009217,2009-08-05,MOD11A2,LST_Day_1km,297.4800,300.5600,24239.8164,3.0800,299.2570,0.7452,0.8633,81,81,100.00
A2009225,2009-08-13,MOD11A2,LST_Day_1km,295.2400,298.9400,24038.8594,3.7000,296.7760,0.7107,0.8430,81,81,100.00
A2009233,2009-08-21,MOD11A2,LST_Day_1km,296.9200,298.4600,24107.8770,1.5400,297.6281,0.1337,0.3656,81,81,100.00
A2009241,2009-08-29,MOD11A2,LST_Day_1km,294.2800,296.5200,23917.6582,2.2400,295.2797,0.1801,0.4244,81,81,100.00
A2009249,2009-09-06,MOD11A2,LST_Day_1km,297.0400,299.5000,24165.5762,2.4600,298.3405,0.4364,0.6606,81,81,100.00
A2009257,2009-09-14,MOD11A2,LST_Day_1km,295.0000,300.3600,24108.9941,5.3600,297.6419,1.8061,1.3439,81,81,100.00
A2009265,2009-09-22,MOD11A2,LST_Day_1km,292.3800,295.7600,23807.9219,3.3800,293.9250,0.5263,0.7255,81,81,100.00
A2009273,2009-09-30,MOD11A2,LST_Day_1km,288.1600,292.7400,23513.2832,4.5800,290.2874,1.1601,1.0771,81,81,100.00
A2009281,2009-10-08,MOD11A2,LST_Day_1km,284.2000,286.2600,19096.0020,2.0600,285.0150,0.3057,0.5529,81,67,82.72
A2009289,2009-10-16,MOD11A2,LST_Day_1km,289.7600,290.8400,23525.0391,1.0800,290.4326,0.0586,0.2420,81,81,100.00
A2009297,2009-10-24,MOD11A2,LST_Day_1km,282.9600,286.1000,23082.6562,3.1400,284.9711,1.1749,1.0839,81,81,100.00
A2009305,2009-11-01,MOD11A2,LST_Day_1km,288.0200,290.9400,23429.0566,2.9200,289.2476,0.7239,0.8508,81,81,100.00
A2009313,2009-11-09,MOD11A2,LST_Day_1km,285.7400,290.6000,23365.2754,4.8600,288.4602,0.8607,0.9278,81,81,100.00
A2009321,2009-11-17,MOD11A2,LST_Day_1km,282.7800,286.0200,23020.1445,3.2400,284.1993,0.5452,0.7384,81,81,100.00
A2009329,2009-11-25,MOD11A2,LST_Day_1km,282.3600,283.3400,22917.2598,0.9800,282.9291,0.0319,0.1785,81,81,100.00
A2009337,2009-12-03,MOD11A2,LST_Day_1km,275.2800,276.4200,22354.7148,1.1400,275.9841,0.0510,0.2257,81,81,100.00
A2009345,2009-12-11,MOD11A2,LST_Day_1km,261.8200,264.3000,21255.0605,2.4800,262.4081,0.1554,0.3942,81,81,100.00
A2009353,2009-12-19,MOD11A2,LST_Day_1km,264.1400,265.0200,3177.1201,0.8800,264.7600,0.0533,0.2308,81,12,14.81
A2009361,2009-12-27,MOD11A2,LST_Day_1km,260.6600,261.6000,21146.0859,0.9400,261.0628,0.0447,0.2115,81,81,100.00
A2010001,2010-01-01,MOD11A2,LST_Day_1km,252.6000,256.9400,20681.7812,4.3400,255.3306,1.6293,1.2764,81,81,100.00
A2010009,2010-01-09,MOD11A2,LST_Day_1km,262.8000,263.5800,21320.7441,0.7800,263.2191,0.0562,0.2371,81,81,100.00
A2010017,2010-01-17,MOD11A2,LST_Day_1km,269.8400,271.8600,21960.0410,2.0200,271.1116,0.3172,0.5632,81,81,100.00
A2010025,2010-01-25,MOD11A2,LST_Day_1km,261.7800,264.8600,20052.0371,3.0800,263.8426,0.6947,0.8335,81,76,93.83
A2010033,2010-02-02,MOD11A2,LST_Day_1km,259.2600,265.1800,21301.1016,5.9200,262.9766,1.6929,1.3011,81,81,100.00
A2010041,2010-02-10,MOD11A2,LST_Day_1km,261.0000,265.5000,21356.4395,4.5000,263.6598,1.3914,1.1796,81,81,100.00
A2010049,2010-02-18,MOD11A2,LST_Day_1km,263.4000,265.7800,21459.7383,2.3800,264.9350,0.3282,0.5729,81,81,100.00
A2010057,2010-02-26,MOD11A2,LST_Day_1km,269.6400,270.8000,21877.0410,1.1600,270.0869,0.0666,0.2580,81,81,100.00
A2010065,2010-03-06,MOD11A2,LST_Day_1km,259.7600,261.9400,6260.6597,2.1800,260.8608,0.5110,0.7148,81,24,29.63
A2010073,2010-03-14,MOD11A2,LST_Day_1km,283.4400,290.8800,23310.5195,7.4400,287.7842,1.7511,1.3233,81,81,100.00
A2010081,2010-03-22,MOD11A2,LST_Day_1km,283.4400,291.8200,23319.0215,8.3800,287.8892,2.9860,1.7280,81,81,100.00
A2010089,2010-03-30,MOD11A2,LST_Day_1km,291.8200,296.7400,23913.1562,4.9200,295.2242,1.0025,1.0012,81,81,100.00
A2010097,2010-04-07,MOD11A2,LST_Day_1km,294.8800,298.1000,24035.5801,3.2200,296.7356,0.5805,0.7619,81,81,100.00
A2010105,2010-04-15,MOD11A2,LST_Day_1km,296.0800,301.7800,24241.2773,5.7000,299.2750,1.3849,1.1768,81,81,100.00
A2010113,2010-04-23,MOD11A2,LST_Day_1km,291.9600,296.1400,23861.2012,4.1800,294.5827,0.8053,0.8974,81,81,100.00
A2010121,2010-05-01,MOD11A2,LST_Day_1km,297.0800,300.0800,24185.2637,3.0000,298.5835,0.3698,0.6081,81,81,100.00
A2010129,2010-05-09,MOD11A2,LST_Day_1km,279.9800,283.5400,9322.8193,3.5600,282.5097,1.4508,1.2045,81,33,40.74
A2010137,2010-05-17,MOD11A2,LST_Day_1km,302.9200,308.9200,24771.7832,6.0000,305.8245,1.6845,1.2979,81,81,100.00
A2010145,2010-05-25,MOD11A2,LST_Day_1km,305.5200,311.7200,25049.9766,6.2000,309.2590,1.9174,1.3847,81,81,100.00
A2010153,2010-06-02,MOD11A2,LST_Day_1km,299.1000,304.5800,24369.3418,5.4800,300.8561,1.0373,1.0185,81,81,100.00
A2010161,2010-06-10,MOD11A2,LST_Day_1km,299.4000,302.8200,24363.3418,3.4200,300.7820,0.5949,0.7713,81,81,100.00
A2010169,2010-06-18,MOD11A2,LST_Day_1km,298.5600,300.9800,24314.5820,2.4200,300.1800,0.3147,0.5610,81,81,100.00
A2010177,2010-06-26,MOD11A2,LST_Day_1km,300.5600,302.2800,24392.1016,1.7200,301.1371,0.1166,0.3415,81,81,100.00
A2010185,2010-07-04,MOD11A2,LST_Day_1km,298.8800,302.7800,24457.8008,3.9000,301.9482,0.4384,0.6621,81,81,100.00
A2010193,2010-07-12,MOD11A2,LST_Day_1km,300.4000,302.6200,24430.1211,2.2200,301.6064,0.2109,0.4593,81,81,100.00
A2010201,2010-07-20,MOD11A2,LST_Day_1km,299.2400,301.1200,24319.3398,1.8800,300.2388,0.1784,0.4224,81,81,100.00
A2010209,2010-07-28,MOD11A2,LST_Day_1km,297.6800,300.8000,24271.7422,3.1200,299.6511,0.4136,0.6431,81,81,100.00
A2010217,2010-08-05,MOD11A2,LST_Day_1km,299.9200,300.7600,24325.5762,0.8400,300.3158,0.0427,0.2067,81,81,100.00
A2010225,2010-08-13,MOD11A2,LST_Day_1km,298.5400,299.8800,24220.4590,1.3400,299.0180,0.0837,0.2893,81,81,100.00
A2010233,2010-08-21,MOD11A2,LST_Day_1km,300.4800,301.3800,24367.4375,0.9000,300.8326,0.0406,0.2015,81,81,100.00
A2010241,2010-08-29,MOD11A2,LST_Day_1km,297.8600,299.2400,24188.9824,1.3800,298.6294,0.0774,0.2782,81,81,100.00
A2010249,2010-09-06,MOD11A2,LST_Day_1km,295.8600,298.0000,24078.9395,2.1400,297.2708,0.2417,0.4917,81,81,100.00
A2010257,2010-09-14,MOD11A2,LST_Day_1km,299.3200,300.5800,24296.9629,1.2600,299.9625,0.0954,0.3089,81,81,100.00
A2010265,2010-09-22,MOD11A2,LST_Day_1km,294.5000,296.8600,23914.3613,2.3600,295.2390,0.2345,0.4843,81,81,100.00
A2010273,2010-09-30,MOD11A2,LST_Day_1km,294.2400,297.0800,23954.6562,2.8400,295.7365,0.3841,0.6197,81,81,100.00
A2010281,2010-10-08,MOD11A2,LST_Day_1km,297.0600,300.1000,24172.9434,3.0400,298.4314,0.3438,0.5863,81,81,100.00
A2010289,2010-10-16,MOD11A2,LST_Day_1km,292.1000,296.1000,23867.7559,4.0000,294.6637,0.6024,0.7761,81,81,100.00
A2010297,2010-10-24,MOD11A2,LST_Day_1km,286.0400,287.6400,23251.4004,1.6000,287.0543,0.0970,0.3114,81,81,100.00
A2010305,2010-11-01,MOD11A2,LST_Day_1km,287.2800,289.0200,23327.2402,1.7400,287.9906,0.1645,0.4056,81,81,100.00
A2010313,2010-11-09,MOD11A2,LST_Day_1km,285.3200,290.0800,23384.2031,4.7600,288.6939,0.5506,0.7420,81,81,100.00
A2010321,2010-11-17,MOD11A2,LST_Day_1km,274.8400,278.5600,21526.3242,3.7200,275.9785,0.9657,0.9827,81,78,96.30
A2010329,2010-11-25,MOD11A2,LST_Day_1km,274.9200,278.3600,22423.7793,3.4400,276.8368,0.9748,0.9873,81,81,100.00
A2010337,2010-12-03,MOD11A2,LST_Day_1km,272.7200,275.5200,22183.5996,2.8000,273.8716,0.2517,0.5017,81,81,100.00
A2010345,2010-12-11,MOD11A2,LST_Day_1km,265.8600,266.6400,20771.6836,0.7800,266.3036,0.0349,0.1869,81,78,96.30
A2010353,2010-12-19,MOD11A2,LST_Day_1km,,,,,,,,81,0,0.00
A2010361,2010-12-27,MOD11A2,LST_Day_1km,262.2000,263.8800,21299.2598,1.6800,262.9538,0.1862,0.4316,81,81,100.00
A2011001,2011-01-01,MOD11A2,LST_Day_1km,269.0200,271.8200,21942.3457,2.8000,270.8932,0.8027,0.8959,81,81,100.00
A2011009,2011-01-09,MOD11A2,LST_Day_1km,,,,,,,,81,0,0.00
A2011017,2011-01-17,MOD11A2,LST_Day_1km,263.7000,267.9600,21498.7754,4.2600,265.4170,0.9600,0.9798,81,81,100.00
A2011025,2011-01-25,MOD11A2,LST_Day_1km,269.1400,271.1000,21901.1641,1.9600,270.3847,0.1845,0.4296,81,81,100.00
A2011033,2011-02-02,MOD11A2,LST_Day_1km,265.1000,268.2600,21615.1016,3.1600,266.8531,0.3686,0.6072,81,81,100.00
A2011041,2011-02-10,MOD11A2,LST_Day_1km,269.4200,277.1200,21960.1230,7.7000,271.1126,6.0540,2.4605,81,81,100.00
A2011049,2011-02-18,MOD11A2,LST_Day_1km,280.4000,281.7600,22777.2754,1.3600,281.2009,0.1115,0.3339,81,81,100.00
A2011057,2011-02-26,MOD11A2,LST_Day_1km,273.8200,276.6600,22320.5605,2.8400,275.5625,0.7447,0.8629,81,81,100.00
A2011065,2011-03-06,MOD11A2,LST_Day_1km,279.9000,281.5400,22743.7988,1.6400,280.7876,0.1604,0.4005,81,81,100.00
A2011073,2011-03-14,MOD11A2,LST_Day_1km,282.5200,286.4400,23111.1816,3.9200,285.3232,0.6941,0.8332,81,81,100.00
A2011081,2011-03-22,MOD11A2,LST_Day_1km,279.7200,282.4600,14896.9961,2.7400,281.0754,0.5638,0.7508,81,53,65.43
A2011089,2011-03-30,MOD11A2,LST_Day_1km,292.1200,295.1800,23792.1602,3.0600,293.7304,0.4456,0.6676,81,81,100.00
A2011097,2011-04-07,MOD11A2,LST_Day_1km,296.2600,300.9200,24105.3828,4.6600,297.5973,0.6326,0.7954,81,81,100.00
A2011105,2011-04-15,MOD11A2,LST_Day_1km,286.4200,291.8800,21680.3770,5.4600,289.0717,1.4357,1.1982,81,75,92.59
A2011113,2011-04-23,MOD11A2,LST_Day_1km,290.6200,297.6000,23294.5840,6.9800,294.8682,2.6259,1.6205,81,79,97.53
A2011121,2011-05-01,MOD11A2,LST_Day_1km,296.2200,307.4200,24243.5859,11.2000,299.3035,3.2679,1.8077,81,81,100.00
A2011129,2011-05-09,MOD11A2,LST_Day_1km,302.0800,307.3200,24678.5430,5.2400,304.6734,3.1305,1.7693,81,81,100.00
A2011137,2011-05-17,MOD11A2,LST_Day_1km,298.9400,304.7600,24472.7754,5.8200,302.1330,1.3445,1.1595,81,81,100.00
A2011145,2011-05-25,MOD11A2,LST_Day_1km,297.3200,305.3000,24376.2383,7.9800,300.9412,5.5790,2.3620,81,81,100.00
A2011153,2011-06-02,MOD11A2,LST_Day_1km,305.5000,311.1800,25013.6602,5.6800,308.8106,1.8249,1.3509,81,81,100.00
A2011161,2011-06-10,MOD11A2,LST_Day_1km,,,,,,,,81,0,0.00
A2011169,2011-06-18,MOD11A2,LST_Day_1km,293.8600,297.6000,23976.9414,3.7400,296.0116,0.5972,0.7728,81,81,100.00
A2011177,2011-06-26,MOD11A2,LST_Day_1km,301.2400,304.7200,24518.8223,3.4800,302.7015,0.5278,0.7265,81,81,100.00
A2011185,2011-07-04,MOD11A2,LST_Day_1km,300.9000,305.0000,24523.3984,4.1000,302.7580,0.7606,0.8721,81,81,100.00
A2011193,2011-07-12,MOD11A2,LST_Day_1km,302.5200,305.0200,24603.7207,2.5000,303.7496,0.3862,0.6215,81,81,100.00
A2011201,2011-07-20,MOD11A2,LST_Day_1km,302.2600,304.1200,24557.4414,1.8600,303.1783,0.1280,0.3578,81,81,100.00
A2011209,2011-07-28,MOD11A2,LST_Day_1km,300.9400,303.0000,24443.7598,2.0600,301.7748,0.2247,0.4741,81,81,100.00
A2011217,2011-08-05,MOD11A2,LST_Day_1km,297.8400,301.4200,24249.0781,3.5800,299.3713,0.5459,0.7388,81,81,100.00
A2011225,2011-08-13,MOD11A2,LST_Day_1km,298.7400,301.1800,24310.5195,2.4400,300.1299,0.2431,0.4931,81,81,100.00
A2011233,2011-08-21,MOD11A2,LST_Day_1km,300.5800,303.2200,24420.6191,2.6400,301.4891,0.2353,0.4851,81,81,100.00
A2011241,2011-08-29,MOD11A2,LST_Day_1km,298.1800,300.2400,24196.4785,2.0600,298.7220,0.1392,0.3731,81,81,100.00
A2011249,2011-09-06,MOD11A2,LST_Day_1km,297.2400,299.2400,24136.6816,2.0000,297.9837,0.2075,0.4555,81,81,100.00
A2011257,2011-09-14,MOD11A2,LST_Day_1km,293.4800,297.0600,23901.1621,3.5800,295.0761,1.3137,1.1462,81,81,100.00
A2011265,2011-09-22,MOD11A2,LST_Day_1km,289.2200,297.8800,23889.1016,8.6600,294.9272,3.1616,1.7781,81,81,100.00
A2011273,2011-09-30,MOD11A2,LST_Day_1km,298.1400,300.7800,24242.7578,2.6400,299.2933,0.3733,0.6110,81,81,100.00
A2011281,2011-10-08,MOD11A2,LST_Day_1km,294.3800,297.1800,23954.3809,2.8000,295.7331,0.7886,0.8880,81,81,100.00
A2011289,2011-10-16,MOD11A2,LST_Day_1km,287.8000,293.0800,22359.2988,5.2800,290.3805,2.2064,1.4854,81,77,95.06
A2011297,2011-10-24,MOD11A2,LST_Day_1km,288.9000,294.9200,23651.2832,6.0200,291.9911,1.3600,1.1662,81,81,100.00
A2011305,2011-11-01,MOD11A2,LST_Day_1km,282.9600,291.5600,22523.3164,8.6000,288.7605,2.9706,1.7236,81,78,96.30
A2011313,2011-11-09,MOD11A2,LST_Day_1km,279.7000,284.6200,22858.8770,4.9200,282.2083,1.2370,1.1122,81,81,100.00
A2011321,2011-11-17,MOD11A2,LST_Day_1km,280.0000,286.7200,22966.7012,6.7200,283.5395,1.3431,1.1589,81,81,100.00
A2011329,2011-11-25,MOD11A2,LST_Day_1km,276.7400,279.1400,22557.3828,2.4000,278.4862,0.2091,0.4573,81,81,100.00
A2011337,2011-12-03,MOD11A2,LST_Day_1km,263.9000,264.1800,2111.8999,0.2800,263.9875,0.0092,0.0959,81,8,9.88
A2011345,2011-12-11,MOD11A2,LST_Day_1km,276.1200,278.5400,22420.6191,2.4200,276.7978,0.3112,0.5578,81,81,100.00
A2011353,2011-12-19,MOD11A2,LST_Day_1km,274.1600,279.0600,22408.9199,4.9000,276.6533,1.2366,1.1120,81,81,100.00
A2011361,2011-12-27,MOD11A2,LST_Day_1km,277.0200,280.1000,22557.0195,3.0800,278.4817,0.6866,0.8286,81,81,100.00
A2012001,2012-01-01,MOD11A2,LST_Day_1km,275.6000,278.1400,22420.8770,2.5400,276.8010,0.5466,0.7393,81,81,100.00
A2012009,2012-01-09,MOD11A2,LST_Day_1km,280.9000,282.2200,22817.3008,1.3200,281.6951,0.0871,0.2951,81,81,100.00
A2012017,2012-01-17,MOD11A2,LST_Day_1km,,,,,,,,81,0,0.00
A2012025,2012-01-25,MOD11A2,LST_Day_1km,277.1200,281.9800,22618.6934,4.8600,279.2431,1.4115,1.1880,81,81,100.00
A2012033,2012-02-02,MOD11A2,LST_Day_1km,,,,,,,,81,0,0.00
A2012041,2012-02-10,MOD11A2,LST_Day_1km,270.6600,274.2600,22074.3574,3.6000,272.5229,0.5267,0.7257,81,81,100.00
A2012049,2012-02-18,MOD11A2,LST_Day_1km,275.2600,279.9400,22494.7969,4.6800,277.7135,2.8543,1.6895,81,81,100.00
A2012057,2012-02-26,MOD11A2,LST_Day_1km,277.9600,280.0400,22609.9023,2.0800,279.1346,0.3827,0.6186,81,81,100.00
A2012065,2012-03-05,MOD11A2,LST_Day_1km,285.4200,288.0000,23248.1836,2.5800,287.0146,0.1901,0.4360,81,81,100.00
A2012073,2012-03-13,MOD11A2,LST_Day_1km,298.1600,299.8200,24233.3945,1.6600,299.1777,0.1525,0.3905,81,81,100.00
A2012081,2012-03-21,MOD11A2,LST_Day_1km,294.2800,298.0200,24018.3594,3.7400,296.5229,0.8809,0.9386,81,81,100.00
A2012089,2012-03-29,MOD11A2,LST_Day_1km,298.2800,303.8200,24341.7812,5.5400,300.5158,1.9522,1.3972,81,81,100.00
A2012097,2012-04-06,MOD11A2,LST_Day_1km,294.1000,297.5000,23971.5410,3.4000,295.9449,0.6322,0.7951,81,81,100.00
A2012105,2012-04-14,MOD11A2,LST_Day_1km,290.1200,297.1800,23768.0605,7.0600,293.4329,6.2253,2.4951,81,81,100.00
A2012113,2012-04-22,MOD11A2,LST_Day_1km,298.4600,303.2400,24381.6758,4.7800,301.0083,0.9344,0.9667,81,81,100.00
A2012121,2012-04-30,MOD11A2,LST_Day_1km,297.9000,301.6800,24272.2148,3.7800,299.6570,1.1980,1.0945,81,81,100.00
A2012129,2012-05-08,MOD11A2,LST_Day_1km,301.0600,307.0400,24601.1426,5.9800,303.7178,2.8135,1.6774,81,81,100.00
A2012137,2012-05-16,MOD11A2,LST_Day_1km,303.0800,311.0600,24879.5273,7.9800,307.1547,3.2168,1.7935,81,81,100.00
A2012145,2012-05-24,MOD11A2,LST_Day_1km,303.6400,310.2400,24888.8047,6.6000,307.2692,1.9595,1.3998,81,81,100.00
A2012153,2012-06-01,MOD11A2,LST_Day_1km,301.9600,309.8600,24849.8633,7.9000,306.7884,4.2661,2.0655,81,81,100.00
A2012161,2012-06-09,MOD11A2,LST_Day_1km,302.8800,308.9600,24784.6230,6.0800,305.9830,2.0332,1.4259,81,81,100.00
A2012169,2012-06-17,MOD11A2,LST_Day_1km,300.6600,303.9600,24509.4570,3.3000,302.5859,0.5420,0.7362,81,81,100.00
A2012177,2012-06-25,MOD11A2,LST_Day_1km,302.1400,304.0000,24546.4824,1.8600,303.0430,0.1461,0.3822,81,81,100.00
A2012185,2012-07-03,MOD11A2,LST_Day_1km,304.2000,307.1400,24741.9785,2.9400,305.4565,0.4197,0.6479,81,81,100.00
A2012193,2012-07-11,MOD11A2,LST_Day_1km,303.8800,306.6400,24711.6211,2.7600,305.0818,0.4028,0.6346,81,81,100.00
A2012201,2012-07-19,MOD11A2,LST_Day_1km,304.6000,307.3400,24781.6621,2.7400,305.9464,0.4107,0.6408,81,81,100.00
A2012209,2012-07-27,MOD11A2,LST_Day_1km,303.3400,306.5400,24693.2344,3.2000,304.8547,0.4495,0.6704,81,81,100.00
A2012217,2012-08-04,MOD11A2,LST_Day_1km,298.2000,302.3800,24367.4824,4.1800,300.8331,0.6044,0.7774,81,81,100.00
A2012225,2012-08-12,MOD11A2,LST_Day_1km,294.8000,300.5000,24064.4355,5.7000,297.0918,1.7434,1.3204,81,81,100.00
A2012233,2012-08-20,MOD11A2,LST_Day_1km,302.0200,305.1400,24575.9023,3.1200,303.4062,0.5791,0.7610,81,81,100.00
A2012241,2012-08-28,MOD11A2,LST_Day_1km,303.7200,306.6200,24700.3965,2.9000,304.9432,0.6518,0.8073,81,81,100.00
A2012249,2012-09-05,MOD11A2,LST_Day_1km,300.6400,303.6200,24470.7012,2.9800,302.1074,0.5747,0.7581,81,81,100.00
A2012257,2012-09-13,MOD11A2,LST_Day_1km,296.4000,300.8800,24148.0215,4.4800,298.1237,1.2213,1.1051,81,81,100.00
A2012265,2012-09-21,MOD11A2,LST_Day_1km,298.4200,301.6400,24259.3789,3.2200,299.4985,0.5472,0.7398,81,81,100.00
A2012273,2012-09-29,MOD11A2,LST_Day_1km,301.7000,303.9800,24512.0996,2.2800,302.6185,0.2622,0.5121,81,81,100.00
A2012281,2012-10-07,MOD11A2,LST_Day_1km,290.2200,293.2600,23644.3848,3.0400,291.9060,0.3253,0.5704,81,81,100.00
A2012289,2012-10-15,MOD11A2,LST_Day_1km,295.0000,297.0400,23979.8203,2.0400,296.0471,0.2329,0.4826,81,81,100.00
A2012297,2012-10-23,MOD11A2,LST_Day_1km,285.6400,289.0800,23223.0605,3.4400,286.7044,0.5066,0.7118,81,81,100.00
A2012305,2012-10-31,MOD11A2,LST_Day_1km,285.7000,291.6400,23332.9004,5.9400,288.0605,1.3681,1.1696,81,81,100.00
A2012313,2012-11-08,MOD11A2,LST_Day_1km,286.8000,290.0600,23338.9609,3.2600,288.1353,0.5110,0.7148,81,81,100.00
A2012321,2012-11-16,MOD11A2,LST_Day_1km,285.8600,288.5600,23273.6387,2.7000,287.3289,0.3786,0.6153,81,81,100.00
A2012329,2012-11-24,MOD11A2,LST_Day_1km,279.9000,282.6600,22225.0801,2.7600,281.3301,0.3990,0.6316,81,79,97.53
A2012337,2012-12-02,MOD11A2,LST_Day_1km,287.4000,288.4200,23317.0176,1.0200,287.8644,0.0427,0.2067,81,81,100.00
A2012345,2012-12-10,MOD11A2,LST_Day_1km,279.0000,279.7600,22634.1797,0.7600,279.4343,0.0235,0.1533,81,81,100.00
A2012353,2012-12-18,MOD11A2,LST_Day_1km,261.2000,270.0400,21270.8027,8.8400,262.6025,1.9422,1.3936,81,81,100.00
A2012361,2012-12-26,MOD11A2,LST_Day_1km,,,,,,,,81,0,0.00
A2013001,2013-01-01,MOD11A2,LST_Day_1km,266.4200,268.0400,21661.8145,1.6200,267.4298,0.1545,0.3931,81,81,100.00
A2013009,2013-01-09,MOD11A2,LST_Day_1km,270.1000,274.0200,22023.1172,3.9200,271.8904,0.7473,0.8645,81,81,100.00
A2013017,2013-01-17,MOD11A2,LST_Day_1km,278.7000,282.8200,22821.3418,4.1200,281.7450,1.6278,1.2759,81,81,100.00
A2013025,2013-01-25,MOD11A2,LST_Day_1km,273.8800,277.9600,22413.0234,4.0800,276.7040,1.0689,1.0339,81,81,100.00
A2013033,2013-02-02,MOD11A2,LST_Day_1km,269.0400,274.6600,21887.7051,5.6200,270.2186,3.5469,1.8833,81,81,100.00
A2013041,2013-02-10,MOD11A2,LST_Day_1km,276.1000,277.5400,22433.2070,1.4400,276.9532,0.0775,0.2784,81,81,100.00
A2013049,2013-02-18,MOD11A2,LST_Day_1km,270.0600,274.2600,22000.4590,4.2000,271.6106,0.5568,0.7462,81,81,100.00
A2013057,2013-02-26,MOD11A2,LST_Day_1km,268.7400,270.1000,21824.3613,1.3600,269.4366,0.0775,0.2785,81,81,100.00
A2013065,2013-03-06,MOD11A2,LST_Day_1km,272.7000,274.7000,22197.2969,2.0000,274.0407,0.2540,0.5040,81,81,100.00
A2013073,2013-03-14,MOD11A2,LST_Day_1km,277.6600,281.0200,22596.1816,3.3600,278.9652,0.7450,0.8631,81,81,100.00
A2013081,2013-03-22,MOD11A2,LST_Day_1km,283.5000,285.0000,23036.1152,1.5000,284.3965,0.0879,0.2965,81,81,100.00
A2013089,2013-03-30,MOD11A2,LST_Day_1km,289.2400,291.2600,23512.5176,2.0200,290.2780,0.2302,0.4798,81,81,100.00
A2013097,2013-04-07,MOD11A2,LST_Day_1km,294.2600,302.3200,23945.0215,8.0600,295.6176,1.6713,1.2928,81,81,100.00
A2013105,2013-04-15,MOD11A2,LST_Day_1km,290.3400,292.2600,23603.8223,1.9200,291.4052,0.1908,0.4368,81,81,100.00
A2013113,2013-04-23,MOD11A2,LST_Day_1km,294.4200,298.7000,24074.5957,4.2800,297.2172,1.4256,1.1940,81,81,100.00
A2013121,2013-05-01,MOD11A2,LST_Day_1km,296.4400,306.0000,22898.4375,9.5600,301.2952,7.2873,2.6995,81,76,93.83
A2013129,2013-05-09,MOD11A2,LST_Day_1km,297.4800,304.7800,24280.7754,7.3000,299.7627,0.9540,0.9767,81,81,100.00
A2013137,2013-05-17,MOD11A2,LST_Day_1km,295.6600,305.4600,24320.5586,9.8000,300.2538,2.5529,1.5978,81,81,100.00
A2013145,2013-05-25,MOD11A2,LST_Day_1km,296.6000,296.6000,296.6000,0.0000,296.6000,0.0000,0.0000,81,1,1.23
A2013153,2013-06-02,MOD11A2,LST_Day_1km,296.7200,301.3600,24196.4863,4.6400,298.7220,1.3979,1.1823,81,81,100.00
A2013161,2013-06-10,MOD11A2,LST_Day_1km,303.2600,308.5600,24777.3008,5.3000,305.8926,1.2400,1.1135,81,81,100.00
A2013169,2013-06-18,MOD11A2,LST_Day_1km,298.5600,309.5400,24292.0762,10.9800,303.6509,5.4361,2.3316,81,80,98.77
A2013177,2013-06-26,MOD11A2,LST_Day_1km,298.6200,302.8400,24386.6738,4.2200,301.0700,0.9980,0.9990,81,81,100.00
A2013185,2013-07-04,MOD11A2,LST_Day_1km,302.5000,305.5600,24627.3789,3.0600,304.0417,0.4958,0.7041,81,81,100.00
A2013193,2013-07-12,MOD11A2,LST_Day_1km,302.8000,304.9800,24607.6758,2.1800,303.7985,0.2757,0.5251,81,81,100.00
A2013201,2013-07-20,MOD11A2,LST_Day_1km,300.1600,304.4200,24511.5410,4.2600,302.6116,0.8579,0.9262,81,81,100.00
A2013209,2013-07-28,MOD11A2,LST_Day_1km,299.4200,301.7000,24303.5254,2.2800,300.0435,0.1408,0.3753,81,81,100.00
A2013217,2013-08-05,MOD11A2,LST_Day_1km,296.1000,301.3000,24260.7988,5.2000,299.5160,1.2085,1.0993,81,81,100.00
A2013225,2013-08-13,MOD11A2,LST_Day_1km,297.9800,301.9600,24286.2383,3.9800,299.8301,0.7091,0.8421,81,81,100.00
A2013233,2013-08-21,MOD11A2,LST_Day_1km,304.1000,306.7400,24717.5957,2.6400,305.1555,0.4077,0.6385,81,81,100.00
A2013241,2013-08-29,MOD11A2,LST_Day_1km,302.8000,305.0200,24612.3594,2.2200,303.8563,0.2998,0.5475,81,81,100.00
A2013249,2013-09-06,MOD11A2,LST_Day_1km,303.4400,306.4200,24693.0840,2.9800,304.8529,0.4058,0.6370,81,81,100.00
A2013257,2013-09-14,MOD11A2,LST_Day_1km,295.7200,299.9000,24169.5801,4.1800,298.3899,0.9385,0.9688,81,81,100.00
A2013265,2013-09-22,MOD11A2,LST_Day_1km,299.3200,301.6400,24331.9746,2.3200,300.3947,0.3184,0.5643,81,81,100.00
A2013273,2013-09-30,MOD11A2,LST_Day_1km,294.4000,300.4600,24147.3398,6.0600,298.1153,3.2911,1.8141,81,81,100.00
A2013281,2013-10-08,MOD11A2,LST_Day_1km,293.8000,297.5800,24025.6992,3.7800,296.6136,0.3832,0.6190,81,81,100.00
A2013289,2013-10-16,MOD11A2,LST_Day_1km,287.7600,294.3600,23476.9219,6.6000,289.8385,1.7592,1.3263,81,81,100.00
A2013297,2013-10-24,MOD11A2,LST_Day_1km,286.9400,289.0400,23303.2793,2.1000,287.6948,0.2468,0.4968,81,81,100.00
A2013305,2013-11-01,MOD11A2,LST_Day_1km,282.7200,284.4600,22989.2617,1.7400,283.8181,0.1505,0.3880,81,81,100.00
A2013313,2013-11-09,MOD11A2,LST_Day_1km,280.5200,284.2600,22802.6641,3.7400,281.5144,0.7768,0.8814,81,81,100.00
A2013321,2013-11-17,MOD11A2,LST_Day_1km,276.1600,282.4600,22663.2812,6.3000,279.7936,7.8499,2.8018,81,81,100.00
A2013329,2013-11-25,MOD11A2,LST_Day_1km,274.3800,282.3400,22398.8652,7.9600,276.5292,1.7296,1.3151,81,81,100.00
A2013337,2013-12-03,MOD11A2,LST_Day_1km,251.8800,267.1800,8459.4609,15.3000,264.3582,7.1834,2.6802,81,32,39.51
A2013345,2013-12-11,MOD11A2,LST_Day_1km,264.3800,280.6000,12971.4004,16.2200,275.9872,25.7090,5.0704,81,47,58.02
A2013353,2013-12-19,MOD11A2,LST_Day_1km,256.7800,256.7800,256.7800,0.0000,256.7800,0.0000,0.0000,81,1,1.23
A2013361,2013-12-27,MOD11A2,LST_Day_1km,269.9800,274.3800,22161.1797,4.4000,273.5948,0.5791,0.7610,81,81,100.00
A2014001,2014-01-01,MOD11A2,LST_Day_1km,257.4200,257.7800,1030.3400,0.3600,257.5850,0.0225,0.1499,81,4,4.94
A2014009,2014-01-09,MOD11A2,LST_Day_1km,269.0200,272.7400,20890.4434,3.7200,271.3045,0.9021,0.9498,81,77,95.06
A2014017,2014-01-17,MOD11A2,LST_Day_1km,260.8200,276.2800,10094.9385,15.4600,272.8362,10.3204,3.2125,81,37,45.68
A2014025,2014-01-25,MOD11A2,LST_Day_1km,266.2800,272.2200,21736.7031,5.9400,268.3544,3.0006,1.7322,81,81,100.00
A2014033,2014-02-02,MOD11A2,LST_Day_1km,257.0600,262.9600,20242.9473,5.9000,259.5250,4.7262,2.1740,81,78,96.30
A2014041,2014-02-10,MOD11A2,LST_Day_1km,261.5400,265.9600,21410.7188,4.4200,264.3299,1.4649,1.2103,81,81,100.00
A2014049,2014-02-18,MOD11A2,LST_Day_1km,273.7000,276.9800,21722.6211,3.2800,274.9699,0.6953,0.8339,81,79,97.53
A2014057,2014-02-26,MOD11A2,LST_Day_1km,262.2200,264.2200,19206.9004,2.0000,263.1082,0.2317,0.4813,81,73,90.12
A2014065,2014-03-06,MOD11A2,LST_Day_1km,287.6800,289.3400,23378.3008,1.6600,288.6210,0.1689,0.4110,81,81,100.00
A2014073,2014-03-14,MOD11A2,LST_Day_1km,281.7400,284.9200,22989.0195,3.1800,283.8151,0.4101,0.6404,81,81,100.00
A2014081,2014-03-22,MOD11A2,LST_Day_1km,281.9000,287.8200,23097.9414,5.9200,285.1598,2.8055,1.6750,81,81,100.00
A2014089,2014-03-30,MOD11A2,LST_Day_1km,286.0000,290.5800,23312.0000,4.5800,287.8025,0.6308,0.7943,81,81,100.00
A2014097,2014-04-07,MOD11A2,LST_Day_1km,297.9000,299.4400,24202.9395,1.5400,298.8017,0.1589,0.3986,81,81,100.00
A2014105,2014-04-15,MOD11A2,LST_Day_1km,299.1400,303.4600,24351.9434,4.3200,300.6413,1.0424,1.0210,81,81,100.00
A2014113,2014-04-23,MOD11A2,LST_Day_1km,,,,,,,,81,0,0.00
A2014121,2014-05-01,MOD11A2,LST_Day_1km,293.0800,300.4600,24141.0977,7.3800,298.0382,3.9522,1.9880,81,81,100.00
A2014129,2014-05-09,MOD11A2,LST_Day_1km,289.6400,306.9800,24493.9004,17.3400,302.3938,9.1823,3.0302,81,81,100.00
A2014137,2014-05-17,MOD11A2,LST_Day_1km,298.8400,302.4400,24389.0977,3.6000,301.1000,0.4763,0.6901,81,81,100.00
A2014145,2014-05-25,MOD11A2,LST_Day_1km,301.5400,312.3400,13545.9590,10.8000,307.8627,6.9555,2.6373,81,44,54.32
A2014153,2014-06-02,MOD11A2,LST_Day_1km,299.2600,305.6000,16028.7607,6.3400,302.4294,2.1110,1.4529,81,53,65.43
A2014161,2014-06-10,MOD11A2,LST_Day_1km,300.0800,307.1400,24590.1953,7.0600,303.5827,2.8275,1.6815,81,81,100.00
A2014169,2014-06-18,MOD11A2,LST_Day_1km,299.8400,303.5400,24488.7793,3.7000,302.3306,0.6625,0.8139,81,81,100.00
A2014177,2014-06-26,MOD11A2,LST_Day_1km,294.0400,297.2400,23037.5859,3.2000,295.3537,0.6949,0.8336,81,78,96.30
A2014185,2014-07-04,MOD11A2,LST_Day_1km,298.8200,300.4000,24278.1973,1.5800,299.7308,0.1111,0.3334,81,81,100.00
A2014193,2014-07-12,MOD11A2,LST_Day_1km,295.5600,300.4400,24160.1777,4.8800,298.2738,0.9386,0.9688,81,81,100.00
A2014201,2014-07-20,MOD11A2,LST_Day_1km,298.6200,300.9000,24290.6641,2.2800,299.8847,0.2879,0.5366,81,81,100.00
A2014209,2014-07-28,MOD11A2,LST_Day_1km,298.5600,300.6200,24275.3008,2.0600,299.6951,0.2004,0.4476,81,81,100.00
A2014217,2014-08-05,MOD11A2,LST_Day_1km,296.5600,299.9600,22954.7402,3.4000,298.1135,0.5638,0.7509,81,77,95.06
A2014225,2014-08-13,MOD11A2,LST_Day_1km,299.1600,300.9000,24299.0605,1.7400,299.9884,0.1778,0.4217,81,81,100.00
A2014233,2014-08-21,MOD11A2,LST_Day_1km,299.7600,304.2400,24509.5352,4.4800,302.5869,1.8100,1.3454,81,81,100.00
A2014241,2014-08-29,MOD11A2,LST_Day_1km,298.0400,302.1000,24314.0039,4.0600,300.1729,0.7270,0.8526,81,81,100.00
A2014249,2014-09-06,MOD11A2,LST_Day_1km,293.1000,296.9400,23903.6016,3.8400,295.1062,1.5179,1.2320,81,81,100.00
A2014257,2014-09-14,MOD11A2,LST_Day_1km,294.6400,295.5600,23908.7832,0.9200,295.1702,0.0501,0.2237,81,81,100.00
A2014265,2014-09-22,MOD11A2,LST_Day_1km,295.9800,300.3200,24165.8750,4.3400,298.3441,0.6375,0.7984,81,81,100.00
A2014273,2014-09-30,MOD11A2,LST_Day_1km,289.4800,292.7200,23559.0215,3.2400,290.8521,0.6074,0.7793,81,81,100.00
A2014281,2014-10-08,MOD11A2,LST_Day_1km,291.7000,293.5000,23699.9023,1.8000,292.5914,0.1677,0.4096,81,81,100.00
A2014289,2014-10-16,MOD11A2,LST_Day_1km,292.2000,294.6200,23779.9785,2.4200,293.5800,0.4113,0.6413,81,81,100.00
A2014297,2014-10-24,MOD11A2,LST_Day_1km,288.7800,295.5400,23626.2754,6.7600,291.6824,5.7391,2.3956,81,81,100.00
A2014305,2014-11-01,MOD11A2,LST_Day_1km,281.7200,283.7800,22950.4004,2.0600,283.3383,0.2076,0.4557,81,81,100.00
A2014313,2014-11-09,MOD11A2,LST_Day_1km,262.8400,287.8200,22103.1973,24.9800,272.8790,28.7348,5.3605,81,81,100.00
A2014321,2014-11-17,MOD11A2,LST_Day_1km,264.1800,275.4600,4076.1396,11.2800,271.7426,21.4497,4.6314,81,15,18.52
A2014329,2014-11-25,MOD11A2,LST_Day_1km,259.0000,275.0400,21944.0996,16.0400,270.9148,5.9710,2.4436,81,81,100.00
A2014337,2014-12-03,MOD11A2,LST_Day_1km,270.6200,277.9400,16752.4766,7.3200,274.6308,3.8903,1.9724,81,61,75.31
A2014345,2014-12-11,MOD11A2,LST_Day_1km,266.5200,270.5600,21514.7559,4.0400,268.9344,1.6070,1.2677,81,80,98.77
A2014353,2014-12-19,MOD11A2,LST_Day_1km,275.7000,279.1600,22505.9648,3.4600,277.8514,0.8876,0.9421,81,81,100.00
A2014361,2014-12-27,MOD11A2,LST_Day_1km,268.1200,274.7000,21768.1387,6.5800,268.7425,0.7768,0.8814,81,81,100.00
A2015001,2015-01-01,MOD11A2,LST_Day_1km,268.8400,270.9200,21877.2383,2.0800,270.0894,0.2329,0.4826,81,81,100.00
A2015009,2015-01-09,MOD11A2,LST_Day_1km,262.9800,268.4000,21551.7227,5.4200,266.0706,1.3604,1.1664,81,81,100.00
A2015017,2015-01-17,MOD11A2,LST_Day_1km,275.7000,281.0000,22548.4004,5.3000,278.3753,1.7148,1.3095,81,81,100.00
A2015025,2015-01-25,MOD11A2,LST_Day_1km,277.4400,279.4400,22498.1562,2.0000,277.7550,0.0727,0.2696,81,81,100.00
A2015033,2015-02-02,MOD11A2,LST_Day_1km,265.2200,273.1800,21921.1445,7.9600,270.6314,3.6000,1.8974,81,81,100.00
A2015041,2015-02-10,MOD11A2,LST_Day_1km,270.0400,271.5200,10564.5400,1.4800,270.8857,0.1238,0.3519,81,39,48.15
A2015049,2015-02-18,MOD11A2,LST_Day_1km,270.9600,271.9600,4342.0596,1.0000,271.3787,0.1502,0.3876,81,16,19.75
A2015057,2015-02-26,MOD11A2,LST_Day_1km,263.5000,268.7400,21167.7773,5.2400,264.5972,1.3745,1.1724,81,80,98.77
A2015065,2015-03-06,MOD11A2,LST_Day_1km,287.1400,289.8200,23346.6797,2.6800,288.2306,0.3322,0.5763,81,81,100.00
A2015073,2015-03-14,MOD11A2,LST_Day_1km,288.6400,292.8600,23543.6406,4.2200,290.6622,1.3086,1.1440,81,81,100.00
A2015081,2015-03-22,MOD11A2,LST_Day_1km,287.6800,290.1200,23377.9258,2.4400,288.6164,0.2536,0.5036,81,81,100.00
A2015089,2015-03-30,MOD11A2,LST_Day_1km,296.5000,299.3600,24101.5020,2.8600,297.5494,0.3185,0.5643,81,81,100.00
A2015097,2015-04-07,MOD11A2,LST_Day_1km,286.2800,294.6200,23759.7422,8.3400,293.3301,1.6563,1.2870,81,81,100.00
A2015105,2015-04-15,MOD11A2,LST_Day_1km,289.1400,302.3800,23754.3203,13.2400,293.2632,5.4088,2.3257,81,81,100.00
A2015113,2015-04-23,MOD11A2,LST_Day_1km,297.8000,301.3200,24278.9648,3.5200,299.7403,0.5894,0.7677,81,81,100.00
A2015121,2015-05-01,MOD11A2,LST_Day_1km,301.2800,302.6800,2717.1199,1.4000,301.9022,0.4839,0.6957,81,9,11.11
A2015129,2015-05-09,MOD11A2,LST_Day_1km,294.8200,300.0200,24088.7969,5.2000,297.3925,1.7470,1.3217,81,81,100.00
A2015137,2015-05-17,MOD11A2,LST_Day_1km,293.7800,299.7400,24000.6211,5.9600,296.3040,1.3984,1.1825,81,81,100.00
A2015145,2015-05-25,MOD11A2,LST_Day_1km,299.7200,303.1400,24435.4238,3.4200,301.6719,0.6965,0.8345,81,81,100.00
A2015153,2015-06-02,MOD11A2,LST_Day_1km,303.2400,307.0600,24752.6016,3.8200,305.5877,0.7847,0.8859,81,81,100.00
A2015161,2015-06-10,MOD11A2,LST_Day_1km,302.0000,305.4200,24627.8184,3.4200,304.0471,0.8675,0.9314,81,81,100.00
A2015169,2015-06-18,MOD11A2,LST_Day_1km,297.9800,303.7400,24457.2812,5.7600,301.9417,1.7304,1.3155,81,81,100.00
A2015177,2015-06-26,MOD11A2,LST_Day_1km,297.5000,299.4600,24150.2598,1.9600,298.1514,0.2003,0.4475,81,81,100.00
A2015185,2015-07-04,MOD11A2,LST_Day_1km,295.6800,298.9400,24085.5000,3.2600,297.3518,0.6562,0.8101,81,81,100.00
A2015193,2015-07-12,MOD11A2,LST_Day_1km,302.9200,304.1600,24578.6348,1.2400,303.4399,0.0988,0.3143,81,81,100.00
A2015201,2015-07-20,MOD11A2,LST_Day_1km,298.1000,300.8000,24236.4375,2.7000,299.2153,0.4986,0.7061,81,81,100.00
A2015209,2015-07-28,MOD11A2,LST_Day_1km,298.0200,300.9600,24286.5586,2.9400,299.8340,0.4244,0.6514,81,81,100.00
A2015217,2015-08-05,MOD11A2,LST_Day_1km,298.3600,300.3000,24255.9648,1.9400,299.4564,0.2279,0.4774,81,81,100.00
A2015225,2015-08-13,MOD11A2,LST_Day_1km,297.4800,301.0800,24286.2441,3.6000,299.8302,0.7275,0.8529,81,81,100.00
A2015233,2015-08-21,MOD11A2,LST_Day_1km,295.9000,297.2400,24015.3145,1.3400,296.4854,0.0729,0.2701,81,81,100.00
A2015241,2015-08-29,MOD11A2,LST_Day_1km,299.7200,301.7200,24379.1523,2.0000,300.9772,0.1577,0.3971,81,81,100.00
A2015249,2015-09-06,MOD11A2,LST_Day_1km,298.0800,301.2000,24269.7188,3.1200,299.6262,0.4508,0.6714,81,81,100.00
A2015257,2015-09-14,MOD11A2,LST_Day_1km,297.5000,300.0200,24180.0625,2.5200,298.5193,0.2894,0.5380,81,81,100.00
A2015265,2015-09-22,MOD11A2,LST_Day_1km,300.2200,302.7400,24411.7793,2.5200,301.3800,0.3787,0.6154,81,81,100.00
A2015273,2015-09-30,MOD11A2,LST_Day_1km,292.4800,296.1200,23822.7441,3.6400,294.1079,0.4892,0.6994,81,81,100.00
A2015281,2015-10-08,MOD11A2,LST_Day_1km,293.1200,297.2400,23891.6973,4.1200,294.9592,0.6852,0.8278,81,81,100.00
A2015289,2015-10-16,MOD11A2,LST_Day_1km,289.1600,290.8000,23483.5996,1.6400,289.9210,0.1508,0.3883,81,81,100.00
A2015297,2015-10-24,MOD11A2,LST_Day_1km,286.2400,294.3800,23323.0371,8.1400,291.5380,4.9768,2.2309,81,80,98.77
A2015305,2015-11-01,MOD11A2,LST_Day_1km,287.9000,291.3600,23518.9941,3.4600,290.3579,0.2566,0.5065,81,81,100.00
A2015313,2015-11-09,MOD11A2,LST_Day_1km,283.7800,286.4800,23143.8613,2.7000,285.7267,0.2341,0.4838,81,81,100.00
A2015321,2015-11-17,MOD11A2,LST_Day_1km,272.9800,277.0400,22306.8965,4.0600,275.3938,0.8057,0.8976,81,81,100.00
A2015329,2015-11-25,MOD11A2,LST_Day_1km,270.1400,270.1400,270.1400,0.0000,270.1400,0.0000,0.0000,81,1,1.23
A2015337,2015-12-03,MOD11A2,LST_Day_1km,279.0800,280.9800,22684.3008,1.9000,280.0531,0.1770,0.4207,81,81,100.00
A2015345,2015-12-11,MOD11A2,LST_Day_1km,271.5200,273.2600,16649.7480,1.7400,272.9467,0.0833,0.2885,81,61,75.31
A2015353,2015-12-19,MOD11A2,LST_Day_1km,273.2000,274.6000,22186.0430,1.4000,273.9018,0.0755,0.2747,81,81,100.00
A2015361,2015-12-27,MOD11A2,LST_Day_1km,,,,,,,,81,0,0.00
A2016001,2016-01-01,MOD11A2,LST_Day_1km,268.1000,269.5400,21781.3379,1.4400,268.9054,0.0876,0.2959,81,81,100.00
A2016009,2016-01-09,MOD11A2,LST_Day_1km,262.6600,272.0200,21529.8789,9.3600,265.8010,1.4319,1.1966,81,81,100.00
A2016017,2016-01-17,MOD11A2,LST_Day_1km,264.4000,266.2200,3448.5801,1.8200,265.2754,0.3324,0.5766,81,13,16.05
A2016025,2016-01-25,MOD11A2,LST_Day_1km,272.6000,276.4800,22276.6973,3.8800,275.0210,0.7659,0.8752,81,81,100.00
A2016033,2016-02-02,MOD11A2,LST_Day_1km,267.6000,274.3400,1893.6000,6.7400,270.5143,7.6398,2.7640,81,7,8.64
A2016041,2016-02-10,MOD11A2,LST_Day_1km,265.9600,266.9800,19439.4727,1.0200,266.2942,0.0397,0.1994,81,73,90.12
A2016049,2016-02-18,MOD11A2,LST_Day_1km,,,,,,,,81,0,0.00
A2016057,2016-02-26,MOD11A2,LST_Day_1km,277.6600,288.0800,22440.3398,10.4200,284.0549,6.2225,2.4945,81,79,97.53
A2016065,2016-03-05,MOD11A2,LST_Day_1km,287.3200,293.5200,23470.1387,6.2000,289.7548,1.8097,1.3453,81,81,100.00
A2016073,2016-03-13,MOD11A2,LST_Day_1km,284.9400,288.5200,23310.1602,3.5800,287.7798,0.6674,0.8170,81,81,100.00
A2016081,2016-03-21,MOD11A2,LST_Day_1km,287.8400,291.0200,23379.7422,3.1800,288.6388,0.4545,0.6741,81,81,100.00
A2016089,2016-03-29,MOD11A2,LST_Day_1km,288.5400,291.6000,23541.5859,3.0600,290.6369,0.3773,0.6142,81,81,100.00
A2016097,2016-04-06,MOD11A2,LST_Day_1km,291.9000,294.6400,23730.2363,2.7400,292.9659,0.3729,0.6106,81,81,100.00
A2016105,2016-04-14,MOD11A2,LST_Day_1km,298.2000,302.8400,24350.6191,4.6400,300.6249,0.9016,0.9495,81,81,100.00
A2016113,2016-04-22,MOD11A2,LST_Day_1km,296.8800,300.8600,24249.4258,3.9800,299.3756,0.9337,0.9663,81,81,100.00
A2016121,2016-04-30,MOD11A2,LST_Day_1km,294.9200,301.6200,24251.7383,6.7000,299.4042,1.1900,1.0908,81,81,100.00
A2016129,2016-05-08,MOD11A2,LST_Day_1km,293.1800,301.9200,24068.1367,8.7400,297.1375,6.5120,2.5519,81,81,100.00
A2016137,2016-05-16,MOD11A2,LST_Day_1km,300.1200,306.5400,24586.0215,6.4200,303.5311,2.6475,1.6271,81,81,100.00
A2016145,2016-05-24,MOD11A2,LST_Day_1km,300.9200,304.0400,24498.2598,3.1200,302.4477,0.7052,0.8398,81,81,100.00
A2016153,2016-06-01,MOD11A2,LST_Day_1km,301.2200,307.3600,24655.0176,6.1400,304.3829,2.6526,1.6287,81,81,100.00
A2016161,2016-06-09,MOD11A2,LST_Day_1km,303.2800,308.3400,24747.0645,5.0600,305.5193,1.0355,1.0176,81,81,100.00
A2016169,2016-06-17,MOD11A2,LST_Day_1km,300.8800,304.5600,24515.7441,3.6800,302.6635,0.7569,0.8700,81,81,100.00
A2016177,2016-06-25,MOD11A2,LST_Day_1km,298.8200,300.9600,24281.2598,2.1400,299.7686,0.2598,0.5097,81,81,100.00
A2016185,2016-07-03,MOD11A2,LST_Day_1km,293.3600,299.3200,23995.9219,5.9600,296.2459,1.8404,1.3566,81,81,100.00
A2016193,2016-07-11,MOD11A2,LST_Day_1km,299.8600,304.0200,24430.3770,4.1600,301.6096,1.2195,1.1043,81,81,100.00
A2016201,2016-07-19,MOD11A2,LST_Day_1km,299.3600,303.2800,24425.2188,3.9200,301.5459,0.7956,0.8920,81,81,100.00
A2016209,2016-07-27,MOD11A2,LST_Day_1km,300.4200,302.3000,23808.4336,1.8800,301.3726,0.2393,0.4892,81,79,97.53
A2016217,2016-08-04,MOD11A2,LST_Day_1km,296.5600,299.8000,24186.6055,3.2400,298.6001,0.5591,0.7477,81,81,100.00
A2016225,2016-08-12,MOD11A2,LST_Day_1km,299.8000,301.3000,24341.3203,1.5000,300.5101,0.1129,0.3359,81,81,100.00
A2016233,2016-08-20,MOD11A2,LST_Day_1km,298.4400,299.4200,24211.0801,0.9800,298.9022,0.0596,0.2442,81,81,100.00
A2016241,2016-08-28,MOD11A2,LST_Day_1km,296.4200,299.8600,24124.7793,3.4400,297.8368,0.6055,0.7781,81,81,100.00
A2016249,2016-09-05,MOD11A2,LST_Day_1km,297.4200,299.5400,24180.1660,2.1200,298.5206,0.1919,0.4380,81,81,100.00
A2016257,2016-09-13,MOD11A2,LST_Day_1km,299.1600,300.7000,24291.1602,1.5400,299.8909,0.1066,0.3266,81,81,100.00
A2016265,2016-09-21,MOD11A2,LST_Day_1km,298.2200,299.9400,24249.2969,1.7200,299.3740,0.0958,0.3096,81,81,100.00
A2016273,2016-09-29,MOD11A2,LST_Day_1km,293.3800,296.5400,23896.6152,3.1600,295.0199,0.7182,0.8475,81,81,100.00
A2016281,2016-10-07,MOD11A2,LST_Day_1km,290.6600,293.4800,23649.8828,2.8200,291.9739,0.5991,0.7740,81,81,100.00
A2016289,2016-10-15,MOD11A2,LST_Day_1km,290.3400,297.1000,23822.1738,6.7600,294.1009,3.7489,1.9362,81,81,100.00
A2016297,2016-10-23,MOD11A2,LST_Day_1km,290.0600,293.3800,23608.0020,3.3200,291.4568,0.6199,0.7873,81,81,100.00
A2016305,2016-10-31,MOD11A2,LST_Day_1km,289.1400,293.8600,23622.3789,4.7200,291.6343,1.3463,1.1603,81,81,100.00
A2016313,2016-11-08,MOD11A2,LST_Day_1km,287.9800,290.0400,23401.8613,2.0600,288.9119,0.3133,0.5598,81,81,100.00
A2016321,2016-11-16,MOD11A2,LST_Day_1km,279.0200,281.2400,22670.7773,2.2200,279.8861,0.3060,0.5531,81,81,100.00
A2016329,2016-11-24,MOD11A2,LST_Day_1km,277.8800,283.5000,22743.7812,5.6200,280.7874,1.7433,1.3204,81,81,100.00
A2016337,2016-12-02,MOD11A2,LST_Day_1km,272.4400,277.5200,22210.0586,5.0800,274.1982,1.4572,1.2071,81,81,100.00
A2016345,2016-12-10,MOD11A2,LST_Day_1km,268.0200,270.7800,21792.8535,2.7600,269.0476,0.4258,0.6525,81,81,100.00
A2016353,2016-12-18,MOD11A2,LST_Day_1km,264.0000,271.7800,19437.3770,7.7800,266.2654,5.0921,2.2566,81,73,90.12
A2016361,2016-12-26,MOD11A2,LST_Day_1km,273.7000,275.1800,22247.2812,1.4800,274.6578,0.0987,0.3142,81,81,100.00
A2017001,2017-01-01,MOD11A2,LST_Day_1km,264.7600,266.6800,21530.3594,1.9200,265.8069,0.1941,0.4406,81,81,100.00
A2017009,2017-01-09,MOD11A2,LST_Day_1km,,,,,,,,81,0,0.00
A2017017,2017-01-17,MOD11A2,LST_Day_1km,272.7400,278.4800,22488.7266,5.7400,277.6386,2.1403,1.4630,81,81,100.00
A2017025,2017-01-25,MOD11A2,LST_Day_1km,272.1800,279.0200,22270.1016,6.8400,274.9395,5.5451,2.3548,81,81,100.00
A2017033,2017-02-02,MOD11A2,LST_Day_1km,271.3800,277.3000,22219.6426,5.9200,274.3166,4.5941,2.1434,81,81,100.00
A2017041,2017-02-10,MOD11A2,LST_Day_1km,279.4000,282.1000,22751.6777,2.7000,280.8849,0.3531,0.5942,81,81,100.00
A2017049,2017-02-18,MOD11A2,LST_Day_1km,288.6000,292.0800,23524.4551,3.4800,290.4254,1.0315,1.0156,81,81,100.00
A2017057,2017-02-26,MOD11A2,LST_Day_1km,281.7200,284.8200,22977.4434,3.1000,283.6721,0.7280,0.8532,81,81,100.00
A2017065,2017-03-06,MOD11A2,LST_Day_1km,278.7800,287.0600,21053.4609,8.2800,284.5062,4.9427,2.2232,81,74,91.36
A2017073,2017-03-14,MOD11A2,LST_Day_1km,286.9200,291.2800,23489.6016,4.3600,289.9951,1.2945,1.1377,81,81,100.00
A2017081,2017-03-22,MOD11A2,LST_Day_1km,282.3200,287.6600,20532.0000,5.3400,285.1667,1.5891,1.2606,81,72,88.89
A2017089,2017-03-30,MOD11A2,LST_Day_1km,284.4000,287.4000,22033.5234,3.0000,286.1497,0.4420,0.6648,81,77,95.06
A2017097,2017-04-07,MOD11A2,LST_Day_1km,292.5200,300.1400,23904.6816,7.6200,295.1195,1.1256,1.0609,81,81,100.00
A2017105,2017-04-15,MOD11A2,LST_Day_1km,290.1600,298.8800,23959.8438,8.7200,295.8005,1.9013,1.3789,81,81,100.00
A2017113,2017-04-23,MOD11A2,LST_Day_1km,299.1800,309.2400,24647.8594,10.0600,304.2946,8.0490,2.8371,81,81,100.00
A2017121,2017-05-01,MOD11A2,LST_Day_1km,298.8000,301.5800,24299.5215,2.7800,299.9941,0.5264,0.7256,81,81,100.00
A2017129,2017-05-09,MOD11A2,LST_Day_1km,301.0000,304.6000,24530.5410,3.6000,302.8462,0.9116,0.9548,81,81,100.00
A2017137,2017-05-17,MOD11A2,LST_Day_1km,,,,,,,,81,0,0.00
A2017145,2017-05-25,MOD11A2,LST_Day_1km,299.6000,305.7000,24553.3613,6.1000,303.1279,1.8290,1.3524,81,81,100.00
A2017153,2017-06-02,MOD11A2,LST_Day_1km,304.4600,311.4400,24993.2246,6.9800,308.5583,3.4899,1.8681,81,81,100.00
A2017161,2017-06-10,MOD11A2,LST_Day_1km,304.4800,309.1400,24877.0391,4.6600,307.1239,1.0963,1.0470,81,81,100.00
A2017169,2017-06-18,MOD11A2,LST_Day_1km,300.7600,304.0400,24504.4785,3.2800,302.5244,0.4486,0.6698,81,81,100.00
A2017177,2017-06-26,MOD11A2,LST_Day_1km,301.4800,303.9400,24512.5000,2.4600,302.6234,0.2991,0.5469,81,81,100.00
A2017185,2017-07-04,MOD11A2,LST_Day_1km,301.7000,304.5600,24555.4844,2.8600,303.1541,0.4054,0.6367,81,81,100.00
A2017193,2017-07-12,MOD11A2,LST_Day_1km,302.3400,304.8200,24558.1230,2.4800,303.1867,0.2517,0.5017,81,81,100.00
A2017201,2017-07-20,MOD11A2,LST_Day_1km,300.9000,302.7200,24439.9180,1.8200,301.7274,0.1539,0.3924,81,81,100.00
A2017209,2017-07-28,MOD11A2,LST_Day_1km,299.6800,302.3200,24375.8652,2.6400,300.9366,0.4592,0.6776,81,81,100.00
A2017217,2017-08-05,MOD11A2,LST_Day_1km,299.0600,302.0400,24352.4023,2.9800,300.6469,0.4341,0.6589,81,81,100.00
A2017225,2017-08-13,MOD11A2,LST_Day_1km,298.6000,298.9000,1195.3000,0.3000,298.8250,0.0169,0.1299,81,4,4.94
